{
  "loss_mean": 0.7630313922961552,
  "loss_last": 0.5048914551734924,
  "mae_mean": 0.6900796711444854,
  "runtime_seconds": 21.227286624955013,
  "status": "ok",
  "num_steps": 30,
  "epochs": 3,
  "steps_per_second": 1.4132753059796015,
  "images_per_second": 90.4496195826945,
  "runtime_per_epoch": 7.075762208318338,
  "loss_initial": 1.136591911315918,
  "loss_final": 0.5048914551734924,
  "loss_drop": 0.6317004561424255,
  "loss_drop_per_second": 0.02975888851473801,
  "loss_threshold": null,
  "loss_threshold_steps": null,
  "loss_threshold_time": null,
  "loss_history": [
    1.136591911315918,
    1.081612467765808,
    1.0434037446975708,
    1.0063507556915283,
    0.9769619107246399,
    0.9556078910827637,
    0.9347906708717346,
    0.9106194972991943,
    0.8822373747825623,
    0.877018392086029,
    0.8412888646125793,
    0.8226650357246399,
    0.8001840114593506,
    0.7790209650993347,
    0.7581080794334412,
    0.7328581809997559,
    0.7179295420646667,
    0.6926541328430176,
    0.6602540016174316,
    0.6396319270133972,
    0.6303442120552063,
    0.6296574473381042,
    0.6109397411346436,
    0.5900879502296448,
    0.5793502330780029,
    0.5629010796546936,
    0.5332937240600586,
    0.5070719122886658,
    0.49261465668678284,
    0.5048914551734924
  ],
  "mae_history": [
    0.8497199416160583,
    0.8297737240791321,
    0.814175546169281,
    0.8002040982246399,
    0.7888115048408508,
    0.7796010971069336,
    0.7720150351524353,
    0.7607943415641785,
    0.7489056587219238,
    0.7476387023925781,
    0.7315798401832581,
    0.7233554720878601,
    0.713265597820282,
    0.7025614380836487,
    0.6931343674659729,
    0.6811568140983582,
    0.6744416356086731,
    0.6614964604377747,
    0.6460496783256531,
    0.636283814907074,
    0.6309690475463867,
    0.6294905543327332,
    0.6192724108695984,
    0.6096543073654175,
    0.6033517718315125,
    0.5934567451477051,
    0.5787443518638611,
    0.5650017261505127,
    0.5566654205322266,
    0.5608190298080444
  ],
  "spectral_calls": 0.0,
  "spectral_time_seconds": 0.0,
  "spectral_cpu_time_seconds": 0.0,
  "spectral_cuda_time_seconds": 0.0
}