{
  "loss_mean": 0.7949779371420542,
  "loss_last": 0.5494361519813538,
  "mae_mean": 0.7053064902623495,
  "runtime_seconds": 20.585244750021957,
  "status": "ok",
  "num_steps": 30,
  "epochs": 3,
  "steps_per_second": 1.4573545451757624,
  "images_per_second": 93.27069089124879,
  "runtime_per_epoch": 6.861748250007319,
  "loss_initial": 1.1769976615905762,
  "loss_final": 0.5494361519813538,
  "loss_drop": 0.6275615096092224,
  "loss_drop_per_second": 0.030485987280212106,
  "loss_threshold": null,
  "loss_threshold_steps": null,
  "loss_threshold_time": null,
  "loss_history": [
    1.1769976615905762,
    1.0710421800613403,
    1.0426002740859985,
    1.0172683000564575,
    0.9883763194084167,
    0.9603062272071838,
    0.9465684294700623,
    0.9240610003471375,
    0.9077731966972351,
    0.8991823196411133,
    0.8766226768493652,
    0.8475704193115234,
    0.8395381569862366,
    0.812781572341919,
    0.7796952128410339,
    0.7723565697669983,
    0.7632039189338684,
    0.7277336716651917,
    0.7154478430747986,
    0.7195314764976501,
    0.654587984085083,
    0.6605361104011536,
    0.6446578502655029,
    0.6329305768013,
    0.6206054091453552,
    0.6017636656761169,
    0.586039125919342,
    0.5599654316902161,
    0.5501583814620972,
    0.5494361519813538
  ],
  "mae_history": [
    0.8635631203651428,
    0.8246464729309082,
    0.8149375915527344,
    0.8040207028388977,
    0.792881190776825,
    0.7813966274261475,
    0.7754392027854919,
    0.7670274376869202,
    0.7601096630096436,
    0.7564675211906433,
    0.7467169165611267,
    0.7338725924491882,
    0.730274498462677,
    0.7188255190849304,
    0.702917754650116,
    0.6991494297981262,
    0.6951231956481934,
    0.6795398592948914,
    0.6727668642997742,
    0.6740404963493347,
    0.6434333324432373,
    0.6456118226051331,
    0.6375062465667725,
    0.6296999454498291,
    0.6248151063919067,
    0.614776611328125,
    0.605761706829071,
    0.5926923751831055,
    0.5862900018692017,
    0.5848909020423889
  ],
  "spectral_calls": 0.0,
  "spectral_time_seconds": 0.0,
  "spectral_cpu_time_seconds": 0.0,
  "spectral_cuda_time_seconds": 0.0
}