{
  "loss_mean": 0.7468659996986389,
  "loss_last": 0.4964695870876312,
  "mae_mean": 0.6818587561448415,
  "runtime_seconds": 20.655553207965568,
  "status": "ok",
  "num_steps": 30,
  "epochs": 3,
  "steps_per_second": 1.4523939251566915,
  "images_per_second": 92.95321121002826,
  "runtime_per_epoch": 6.885184402655189,
  "loss_initial": 1.124930500984192,
  "loss_final": 0.4964695870876312,
  "loss_drop": 0.6284609138965607,
  "loss_drop_per_second": 0.03042576045139291,
  "loss_threshold": null,
  "loss_threshold_steps": null,
  "loss_threshold_time": null,
  "loss_history": [
    1.124930500984192,
    1.0552761554718018,
    1.0164417028427124,
    0.9862895011901855,
    0.9667595028877258,
    0.9408113360404968,
    0.9116230607032776,
    0.8981223106384277,
    0.8622229099273682,
    0.8513467311859131,
    0.8279518485069275,
    0.7873563766479492,
    0.7802777290344238,
    0.7569333910942078,
    0.7504868507385254,
    0.7068331837654114,
    0.6986208558082581,
    0.6724276542663574,
    0.6593044400215149,
    0.6464031338691711,
    0.6386364102363586,
    0.6057379841804504,
    0.5680053234100342,
    0.561883270740509,
    0.5655903220176697,
    0.5263538956642151,
    0.5336892604827881,
    0.4974121153354645,
    0.5117826461791992,
    0.4964695870876312
  ],
  "mae_history": [
    0.8456044793128967,
    0.8188984394073486,
    0.8039913177490234,
    0.7922043800354004,
    0.78445965051651,
    0.7731590270996094,
    0.7612051963806152,
    0.756183922290802,
    0.7399565577507019,
    0.7355620265007019,
    0.7251387238502502,
    0.706840455532074,
    0.7030754089355469,
    0.6926152110099792,
    0.6881257891654968,
    0.6688080430030823,
    0.6649797558784485,
    0.650205135345459,
    0.6438677310943604,
    0.6376352906227112,
    0.6333653926849365,
    0.6169900298118591,
    0.5979228615760803,
    0.5939686894416809,
    0.5943105220794678,
    0.5739845633506775,
    0.575592577457428,
    0.557299017906189,
    0.5652895569801331,
    0.5545229315757751
  ],
  "spectral_calls": 0.0,
  "spectral_time_seconds": 0.0,
  "spectral_cpu_time_seconds": 0.0,
  "spectral_cuda_time_seconds": 0.0
}