{
  "loss_mean": 0.7838636934757233,
  "loss_last": 0.5059344172477722,
  "mae_mean": 0.6996970554192861,
  "runtime_seconds": 21.232780250022188,
  "status": "ok",
  "num_steps": 30,
  "epochs": 3,
  "steps_per_second": 1.4129096447446468,
  "images_per_second": 90.42621726365739,
  "runtime_per_epoch": 7.077593416674063,
  "loss_initial": 1.1483701467514038,
  "loss_final": 0.5059344172477722,
  "loss_drop": 0.6424357295036316,
  "loss_drop_per_second": 0.030256787944808135,
  "loss_threshold": null,
  "loss_threshold_steps": null,
  "loss_threshold_time": null,
  "loss_history": [
    1.1483701467514038,
    1.0634530782699585,
    1.022260308265686,
    0.9987693428993225,
    0.9811680912971497,
    0.9664461016654968,
    0.9374659657478333,
    0.9213722348213196,
    0.9068973660469055,
    0.9006078839302063,
    0.8858664035797119,
    0.8562207818031311,
    0.8388473391532898,
    0.8079430460929871,
    0.7928426265716553,
    0.7580234408378601,
    0.7391722202301025,
    0.7191842198371887,
    0.711327314376831,
    0.6800344586372375,
    0.6651394963264465,
    0.660283625125885,
    0.6281270980834961,
    0.6124598383903503,
    0.5991811752319336,
    0.5759174227714539,
    0.5545434355735779,
    0.5400035381317139,
    0.5380483865737915,
    0.5059344172477722
  ],
  "mae_history": [
    0.8555379509925842,
    0.822401762008667,
    0.8066239356994629,
    0.7969829440116882,
    0.7899112701416016,
    0.784067690372467,
    0.7732930183410645,
    0.7655057311058044,
    0.760094940662384,
    0.7564706802368164,
    0.7501227259635925,
    0.7376736998558044,
    0.7291433215141296,
    0.7159240245819092,
    0.709074079990387,
    0.6928572654724121,
    0.6839194297790527,
    0.6744744181632996,
    0.6704001426696777,
    0.6540536880493164,
    0.6475866436958313,
    0.6438703536987305,
    0.6280483603477478,
    0.620122492313385,
    0.6135050654411316,
    0.6005257964134216,
    0.5877737402915955,
    0.5801293849945068,
    0.5789573788642883,
    0.5618597269058228
  ],
  "spectral_calls": 0.0,
  "spectral_time_seconds": 0.0,
  "spectral_cpu_time_seconds": 0.0,
  "spectral_cuda_time_seconds": 0.0
}