{
  "loss_mean": 1.024570147196452,
  "loss_last": 1.0032826662063599,
  "mae_mean": 0.8073287804921468,
  "runtime_seconds": 0.535604833974503,
  "status": "ok",
  "num_steps": 3,
  "epochs": 1,
  "steps_per_second": 5.601144369325861,
  "images_per_second": 179.23661981842756,
  "runtime_per_epoch": 0.535604833974503,
  "loss_initial": 1.0501192808151245,
  "loss_final": 1.0032826662063599,
  "loss_drop": 0.04683661460876465,
  "loss_drop_per_second": 0.08744621339805582,
  "loss_threshold": null,
  "loss_threshold_steps": null,
  "loss_threshold_time": null,
  "loss_history": [
    1.0501192808151245,
    1.020308494567871,
    1.0032826662063599
  ],
  "mae_history": [
    0.8173888325691223,
    0.8052472472190857,
    0.7993502616882324
  ],
  "spectral_calls": 0.0,
  "spectral_time_seconds": 0.0,
  "spectral_cpu_time_seconds": 0.0,
  "spectral_cuda_time_seconds": 0.0
}