{
  "loss_mean": 0.7582919965187709,
  "loss_last": 0.4958885610103607,
  "mae_mean": 0.6877414425214131,
  "runtime_seconds": 21.281272792024538,
  "status": "ok",
  "num_steps": 30,
  "epochs": 3,
  "steps_per_second": 1.4096901201906933,
  "images_per_second": 90.22016769220437,
  "runtime_per_epoch": 7.093757597341512,
  "loss_initial": 1.1043154001235962,
  "loss_final": 0.4958885610103607,
  "loss_drop": 0.6084268391132355,
  "loss_drop_per_second": 0.028589776798559348,
  "loss_threshold": null,
  "loss_threshold_steps": null,
  "loss_threshold_time": null,
  "loss_history": [
    1.1043154001235962,
    1.0447568893432617,
    1.0079247951507568,
    0.9819057583808899,
    0.9534862637519836,
    0.9409582018852234,
    0.9171157479286194,
    0.896694004535675,
    0.8746180534362793,
    0.8648910522460938,
    0.8295431137084961,
    0.8043593764305115,
    0.7988317012786865,
    0.7830045819282532,
    0.7484892010688782,
    0.7222499847412109,
    0.7173495292663574,
    0.690918505191803,
    0.6710135340690613,
    0.6616424918174744,
    0.6449417471885681,
    0.6074480414390564,
    0.6125056147575378,
    0.589759349822998,
    0.5872576832771301,
    0.5624463558197021,
    0.5559149384498596,
    0.5553312301635742,
    0.5231981873512268,
    0.4958885610103607
  ],
  "mae_history": [
    0.8380780220031738,
    0.8159316182136536,
    0.8009054660797119,
    0.7907438278198242,
    0.7792510986328125,
    0.7739645838737488,
    0.7631416916847229,
    0.7553999423980713,
    0.7459743618965149,
    0.7404717803001404,
    0.7259657979011536,
    0.7139061093330383,
    0.7111578583717346,
    0.7039108276367188,
    0.6876172423362732,
    0.6759033799171448,
    0.672400951385498,
    0.6603453159332275,
    0.6493006944656372,
    0.6442030668258667,
    0.6358351707458496,
    0.6181721687316895,
    0.6199279427528381,
    0.6075331568717957,
    0.6058487296104431,
    0.5925371050834656,
    0.5889415740966797,
    0.5880181789398193,
    0.5709263682365417,
    0.5559292435646057
  ],
  "spectral_calls": 0.0,
  "spectral_time_seconds": 0.0,
  "spectral_cpu_time_seconds": 0.0,
  "spectral_cuda_time_seconds": 0.0
}