{
  "loss_mean": 0.746503821015358,
  "loss_last": 0.49738553166389465,
  "mae_mean": 0.6826256434122722,
  "runtime_seconds": 20.747055791085586,
  "status": "ok",
  "num_steps": 30,
  "epochs": 3,
  "steps_per_second": 1.4459883032121665,
  "images_per_second": 92.54325140557866,
  "runtime_per_epoch": 6.915685263695195,
  "loss_initial": 1.1319893598556519,
  "loss_final": 0.49738553166389465,
  "loss_drop": 0.6346038281917572,
  "loss_drop_per_second": 0.030587657091298143,
  "loss_threshold": null,
  "loss_threshold_steps": null,
  "loss_threshold_time": null,
  "loss_history": [
    1.1319893598556519,
    1.0488181114196777,
    1.0061126947402954,
    0.983039379119873,
    0.9425131678581238,
    0.9133051037788391,
    0.9070208668708801,
    0.8830184936523438,
    0.8668804168701172,
    0.8442203998565674,
    0.8237619400024414,
    0.8003129363059998,
    0.783717155456543,
    0.761039674282074,
    0.7297372221946716,
    0.7166422009468079,
    0.7042808532714844,
    0.6822457313537598,
    0.6577956080436707,
    0.6474753022193909,
    0.6385651230812073,
    0.5969205498695374,
    0.5920327305793762,
    0.5601386427879333,
    0.5629318952560425,
    0.5377108454704285,
    0.5314146876335144,
    0.5191479325294495,
    0.5249400734901428,
    0.49738553166389465
  ],
  "mae_history": [
    0.8485872745513916,
    0.8165035247802734,
    0.7995345592498779,
    0.7912195324897766,
    0.7740638852119446,
    0.7615151405334473,
    0.7600093483924866,
    0.7493417859077454,
    0.7424049973487854,
    0.7326827049255371,
    0.7237113118171692,
    0.7123964428901672,
    0.7050378322601318,
    0.6944573521614075,
    0.6799869537353516,
    0.6737233996391296,
    0.667658805847168,
    0.6564930081367493,
    0.6445580124855042,
    0.6391615867614746,
    0.6349432468414307,
    0.6140640377998352,
    0.6106049418449402,
    0.594393253326416,
    0.5946251749992371,
    0.5807636380195618,
    0.5777761340141296,
    0.5700553059577942,
    0.5713688135147095,
    0.5571272969245911
  ],
  "spectral_calls": 0.0,
  "spectral_time_seconds": 0.0,
  "spectral_cpu_time_seconds": 0.0,
  "spectral_cuda_time_seconds": 0.0
}