{
  "loss_mean": 0.7335787187019984,
  "loss_last": 0.47592833638191223,
  "mae_mean": 0.6761292954285939,
  "runtime_seconds": 20.724136415985413,
  "status": "ok",
  "num_steps": 30,
  "epochs": 3,
  "steps_per_second": 1.447587460235965,
  "images_per_second": 92.64559745510176,
  "runtime_per_epoch": 6.908045471995138,
  "loss_initial": 1.084553837776184,
  "loss_final": 0.47592833638191223,
  "loss_drop": 0.6086255013942719,
  "loss_drop_per_second": 0.029367954793272495,
  "loss_threshold": null,
  "loss_threshold_steps": null,
  "loss_threshold_time": null,
  "loss_history": [
    1.084553837776184,
    1.027350664138794,
    0.9987924098968506,
    0.9697696566581726,
    0.9407102465629578,
    0.9303804039955139,
    0.9086780548095703,
    0.877723753452301,
    0.8488192558288574,
    0.8180527091026306,
    0.8058781623840332,
    0.7975700497627258,
    0.766155481338501,
    0.7399687767028809,
    0.7162771224975586,
    0.7177004814147949,
    0.6671237945556641,
    0.6579832434654236,
    0.6292004585266113,
    0.6562581658363342,
    0.6049764752388,
    0.587433397769928,
    0.5697250366210938,
    0.5700215697288513,
    0.5489514470100403,
    0.5421267151832581,
    0.5283460021018982,
    0.5277942419052124,
    0.49311161041259766,
    0.47592833638191223
  ],
  "mae_history": [
    0.8295020461082458,
    0.8080654144287109,
    0.7970919609069824,
    0.7855997681617737,
    0.7735369205474854,
    0.7689033150672913,
    0.7596442699432373,
    0.7471215724945068,
    0.7348302006721497,
    0.7213678359985352,
    0.7162027359008789,
    0.7109301090240479,
    0.6966544985771179,
    0.6841635704040527,
    0.6738922595977783,
    0.6736102104187012,
    0.6497229337692261,
    0.6450181603431702,
    0.6302636861801147,
    0.6418297290802002,
    0.6176607012748718,
    0.6078708171844482,
    0.5986016392707825,
    0.597437858581543,
    0.5858386158943176,
    0.5817694067955017,
    0.5742709636688232,
    0.5737375617027283,
    0.5542281270027161,
    0.5445119738578796
  ],
  "spectral_calls": 0.0,
  "spectral_time_seconds": 0.0,
  "spectral_cpu_time_seconds": 0.0,
  "spectral_cuda_time_seconds": 0.0
}