{
  "loss_mean": 1.115609529018402,
  "loss_last": 1.0160516500473022,
  "mae_mean": 0.8320983728766441,
  "runtime_seconds": 236.97991358395666,
  "status": "ok",
  "num_steps": 200,
  "epochs": 1,
  "steps_per_second": 0.8439533839611453,
  "images_per_second": 27.00650828675665,
  "runtime_per_epoch": 236.97991358395666,
  "loss_initial": 2.8300750255584717,
  "loss_final": 1.0160516500473022,
  "loss_drop": 1.8140233755111694,
  "loss_drop_per_second": 0.007654755831736354,
  "loss_threshold": null,
  "loss_threshold_steps": null,
  "loss_threshold_time": null,
  "loss_history": [
    2.8300750255584717,
    2.621440887451172,
    2.382591962814331,
    2.3045451641082764,
    2.105173349380493,
    2.020484685897827,
    1.8813234567642212,
    1.7794181108474731,
    1.7405160665512085,
    1.6196180582046509,
    1.5998278856277466,
    1.5013656616210938,
    1.4408003091812134,
    1.3961644172668457,
    1.3934316635131836,
    1.3119772672653198,
    1.2983099222183228,
    1.2684425115585327,
    1.2471545934677124,
    1.2592309713363647,
    1.2106138467788696,
    1.2000147104263306,
    1.2063897848129272,
    1.1838051080703735,
    1.1752177476882935,
    1.1749584674835205,
    1.135874629020691,
    1.1595220565795898,
    1.1397513151168823,
    1.13480806350708,
    1.122585654258728,
    1.1083563566207886,
    1.132656455039978,
    1.1193900108337402,
    1.0908561944961548,
    1.1062378883361816,
    1.1028846502304077,
    1.0928627252578735,
    1.1044694185256958,
    1.0825034379959106,
    1.0851889848709106,
    1.075212836265564,
    1.0717114210128784,
    1.0771732330322266,
    1.071433186531067,
    1.0713638067245483,
    1.0737814903259277,
    1.05685555934906,
    1.0621315240859985,
    1.072407603263855,
    1.0617948770523071,
    1.0696829557418823,
    1.069405198097229,
    1.0630536079406738,
    1.0655442476272583,
    1.0559759140014648,
    1.0601780414581299,
    1.0573959350585938,
    1.0607534646987915,
    1.05770742893219,
    1.0468114614486694,
    1.0496159791946411,
    1.0556045770645142,
    1.048434853553772,
    1.0532113313674927,
    1.0505093336105347,
    1.0551694631576538,
    1.0396021604537964,
    1.055155873298645,
    1.0387338399887085,
    1.0551397800445557,
    1.0379157066345215,
    1.0398263931274414,
    1.0334218740463257,
    1.0418211221694946,
    1.0588854551315308,
    1.0357519388198853,
    1.0534857511520386,
    1.0318849086761475,
    1.0527580976486206,
    1.0448129177093506,
    1.0428680181503296,
    1.039015293121338,
    1.0249727964401245,
    1.0455304384231567,
    1.031626582145691,
    1.0400737524032593,
    1.0353142023086548,
    1.0397765636444092,
    1.0375745296478271,
    1.0285800695419312,
    1.0374480485916138,
    1.0318325757980347,
    1.0300205945968628,
    1.0347176790237427,
    1.0481759309768677,
    1.0261892080307007,
    1.0433696508407593,
    1.024652361869812,
    1.0310473442077637,
    1.0214229822158813,
    1.0322721004486084,
    1.0215643644332886,
    1.0274094343185425,
    1.0419613122940063,
    1.02676522731781,
    1.0293910503387451,
    1.0393801927566528,
    1.035962700843811,
    1.029502272605896,
    1.0239406824111938,
    1.0313128232955933,
    1.0250290632247925,
    1.0242518186569214,
    1.0363409519195557,
    1.033314824104309,
    1.0268194675445557,
    1.034525990486145,
    1.0261322259902954,
    1.0318057537078857,
    1.031719446182251,
    1.0424081087112427,
    1.0194200277328491,
    1.0276964902877808,
    1.0235507488250732,
    1.0208779573440552,
    1.0253194570541382,
    1.0382930040359497,
    1.021207571029663,
    1.0372666120529175,
    1.0307363271713257,
    1.025791049003601,
    1.0334235429763794,
    1.009236216545105,
    1.0263923406600952,
    1.022377371788025,
    1.030820608139038,
    1.0200227499008179,
    1.030107855796814,
    1.0256352424621582,
    1.0136770009994507,
    1.0255531072616577,
    1.0189310312271118,
    1.020774006843567,
    1.0135778188705444,
    1.0233272314071655,
    1.014053463935852,
    1.0180507898330688,
    1.018202543258667,
    1.024144172668457,
    1.0150492191314697,
    1.02533757686615,
    1.0205403566360474,
    1.0171161890029907,
    1.024217963218689,
    1.01689612865448,
    1.022160530090332,
    1.0264352560043335,
    1.0226527452468872,
    1.01441490650177,
    1.0112483501434326,
    1.0213441848754883,
    1.0305980443954468,
    1.0296556949615479,
    1.0195000171661377,
    1.027308702468872,
    1.0309443473815918,
    1.0232595205307007,
    1.031328558921814,
    1.0041226148605347,
    1.0186563730239868,
    1.0205482244491577,
    1.0190008878707886,
    1.014021873474121,
    1.036445140838623,
    1.0186609029769897,
    1.021651268005371,
    1.0368884801864624,
    1.0181831121444702,
    1.037359356880188,
    1.020219326019287,
    1.0208295583724976,
    1.0116270780563354,
    1.0151978731155396,
    1.0182929039001465,
    1.0218499898910522,
    1.0283385515213013,
    1.0202467441558838,
    1.0176090002059937,
    1.0081034898757935,
    1.0054359436035156,
    1.0210752487182617,
    1.0237215757369995,
    1.014293909072876,
    1.0107131004333496,
    1.0161967277526855,
    1.0230823755264282,
    1.0131325721740723,
    1.0129022598266602,
    1.0160516500473022
  ],