size,batch,fft_time,device,dtype,log_size,log_fft_time
1024,8,0.3597934159915894,cpu,torch.float32,6.931471805599453,-1.0222252567115409
1536,8,0.9084222499513999,cpu,torch.float32,7.336936913707618,-0.09604597548904933
256,8,0.014087832998484373,cpu,torch.float32,5.545177444479562,-4.262443762026269
512,8,0.06764220807235688,cpu,torch.float32,6.238324625039508,-2.6935231110085733
768,8,0.1772846250096336,cpu,torch.float32,6.643789733147672,-1.7299987870358966
