{
  "loss_mean": 0.002699058299260238,
  "loss_last": 0.00024204609508160502,
  "mae_mean": 0.0268241010764888,
  "runtime_seconds": 448.2320820419118,
  "status": "ok",
  "num_steps": 1562,
  "epochs": 1
}