{
  "loss_mean": 1.0551506280899048,
  "loss_last": 1.0393263101577759,
  "mae_mean": 0.8195190787315368,
  "runtime_seconds": 0.40176954108756036,
  "status": "ok",
  "num_steps": 5,
  "epochs": 1,
  "steps_per_second": 12.444945394480056,
  "images_per_second": 199.1191263116809,
  "runtime_per_epoch": 0.40176954108756036,
  "loss_initial": 1.0884343385696411,
  "loss_final": 1.0393263101577759,
  "loss_drop": 0.049108028411865234,
  "loss_drop_per_second": 0.1222293464032476,
  "loss_threshold": null,
  "loss_threshold_steps": null,
  "loss_threshold_time": null,
  "loss_history": [
    1.0884343385696411,
    1.0600370168685913,
    1.052425742149353,
    1.0355297327041626,
    1.0393263101577759
  ],
  "mae_history": [
    0.8345076441764832,
    0.8200741410255432,
    0.8180508613586426,
    0.8100735545158386,
    0.8148891925811768
  ],
  "spectral_calls": 0.0,
  "spectral_time_seconds": 0.0,
  "spectral_cpu_time_seconds": 0.0,
  "spectral_cuda_time_seconds": 0.0
}