{
  "loss_mean": 0.810592261950175,
  "loss_last": 0.5425201058387756,
  "mae_mean": 0.7123890618483225,
  "runtime_seconds": 24.282068165950477,
  "status": "ok",
  "num_steps": 30,
  "epochs": 3,
  "steps_per_second": 1.2354796055661967,
  "images_per_second": 79.07069475623659,
  "runtime_per_epoch": 8.094022721983492,
  "loss_initial": 1.2858961820602417,
  "loss_final": 0.5425201058387756,
  "loss_drop": 0.7433760762214661,
  "loss_drop_per_second": 0.030614199381248132,
  "loss_threshold": null,
  "loss_threshold_steps": null,
  "loss_threshold_time": null,
  "loss_history": [
    1.2858961820602417,
    1.1085554361343384,
    1.042485237121582,
    1.0072641372680664,
    0.9879347681999207,
    0.9670373797416687,
    0.9528992176055908,
    0.9361956119537354,
    0.925767719745636,
    0.9013599753379822,
    0.8810886740684509,
    0.8780021667480469,
    0.8568342328071594,
    0.8279922604560852,
    0.8088510632514954,
    0.7986056208610535,
    0.7661578059196472,
    0.7538590431213379,
    0.752103865146637,
    0.7214015126228333,
    0.6987094879150391,
    0.6680998802185059,
    0.668369472026825,
    0.628529965877533,
    0.6154645681381226,
    0.5955020785331726,
    0.600226104259491,
    0.5725598335266113,
    0.5674944519996643,
    0.5425201058387756
  ],
  "mae_history": [
    0.9045639634132385,
    0.838792622089386,
    0.8149638772010803,
    0.7998207211494446,
    0.793212354183197,
    0.784562885761261,
    0.7784121632575989,
    0.7717046141624451,
    0.7671587467193604,
    0.7573440670967102,
    0.748602569103241,
    0.7482233047485352,
    0.7373511791229248,
    0.7243916988372803,
    0.7169308066368103,
    0.7116050720214844,
    0.6969982981681824,
    0.6905326843261719,
    0.6904208064079285,
    0.6755464673042297,
    0.664538562297821,
    0.6491458415985107,
    0.6491973400115967,
    0.6306679248809814,
    0.6223238110542297,
    0.6126847863197327,
    0.613555371761322,
    0.5995829701423645,
    0.596343994140625,
    0.5824923515319824
  ],
  "spectral_calls": 0.0,
  "spectral_time_seconds": 0.0,
  "spectral_cpu_time_seconds": 0.0,
  "spectral_cuda_time_seconds": 0.0
}