{
  "loss_mean": 1.061680754025777,
  "loss_last": 1.022840142250061,
  "mae_mean": 0.8219331304232279,
  "runtime_seconds": 0.5268670829245821,
  "status": "ok",
  "num_steps": 3,
  "epochs": 1,
  "steps_per_second": 5.694035739236782,
  "images_per_second": 182.20914365557704,
  "runtime_per_epoch": 0.5268670829245821,
  "loss_initial": 1.0967484712600708,
  "loss_final": 1.022840142250061,
  "loss_drop": 0.07390832901000977,
  "loss_drop_per_second": 0.14027888893675544,
  "loss_threshold": null,
  "loss_threshold_steps": null,
  "loss_threshold_time": null,
  "loss_history": [
    1.0967484712600708,
    1.0654536485671997,
    1.022840142250061
  ],
  "mae_history": [
    0.8354253172874451,
    0.824152410030365,
    0.8062216639518738
  ],
  "spectral_calls": 0.0,
  "spectral_time_seconds": 0.0,
  "spectral_cpu_time_seconds": 0.0,
  "spectral_cuda_time_seconds": 0.0
}