{
  "loss_mean": 0.7487940053145091,
  "loss_last": 0.5056436061859131,
  "mae_mean": 0.6834163308143616,
  "runtime_seconds": 21.190784917096607,
  "status": "ok",
  "num_steps": 30,
  "epochs": 3,
  "steps_per_second": 1.4157097114319803,
  "images_per_second": 90.60542153164674,
  "runtime_per_epoch": 7.063594972365536,
  "loss_initial": 1.1087626218795776,
  "loss_final": 0.5056436061859131,
  "loss_drop": 0.6031190156936646,
  "loss_drop_per_second": 0.028461381588893928,
  "loss_threshold": null,
  "loss_threshold_steps": null,
  "loss_threshold_time": null,
  "loss_history": [
    1.1087626218795776,
    1.0455338954925537,
    1.0033589601516724,
    0.9816763997077942,
    0.9562271237373352,
    0.9313910007476807,
    0.9065933227539062,
    0.8864806294441223,
    0.8615235686302185,
    0.8545581698417664,
    0.8240597248077393,
    0.8050407767295837,
    0.7868027687072754,
    0.7656528353691101,
    0.726421058177948,
    0.7171939015388489,
    0.6889153122901917,
    0.6815267205238342,
    0.6566329002380371,
    0.615478515625,
    0.6131607294082642,
    0.5995805859565735,
    0.606048047542572,
    0.5973185896873474,
    0.5561195015907288,
    0.5597972273826599,
    0.5571185946464539,
    0.5308353304862976,
    0.5343677401542664,
    0.5056436061859131
  ],
  "mae_history": [
    0.840050995349884,
    0.8159319758415222,
    0.7988021373748779,
    0.790601909160614,
    0.780360996723175,
    0.7698125839233398,
    0.7588676810264587,
    0.7512779831886292,
    0.7397904992103577,
    0.7368597984313965,
    0.7233245968818665,
    0.714244544506073,
    0.7064118981361389,
    0.6965925693511963,
    0.678509533405304,
    0.6724622845649719,
    0.659415602684021,
    0.6547044515609741,
    0.6428517699241638,
    0.6228906512260437,
    0.621705949306488,
    0.6134976744651794,
    0.6167792677879333,
    0.6112819314002991,
    0.5909850001335144,
    0.5916066765785217,
    0.5892282128334045,
    0.5759167671203613,
    0.5766296982765198,
    0.5610942840576172
  ],
  "spectral_calls": 0.0,
  "spectral_time_seconds": 0.0,
  "spectral_cpu_time_seconds": 0.0,
  "spectral_cuda_time_seconds": 0.0
}