{
  "loss_mean": 0.7304386566082637,
  "loss_last": 0.46608614921569824,
  "mae_mean": 0.6741741895675659,
  "runtime_seconds": 20.664292500005104,
  "status": "ok",
  "num_steps": 30,
  "epochs": 3,
  "steps_per_second": 1.451779682270399,
  "images_per_second": 92.91389966530554,
  "runtime_per_epoch": 6.8880975000017015,
  "loss_initial": 1.0867135524749756,
  "loss_final": 0.46608614921569824,
  "loss_drop": 0.6206274032592773,
  "loss_drop_per_second": 0.03003380847706855,
  "loss_threshold": null,
  "loss_threshold_steps": null,
  "loss_threshold_time": null,
  "loss_history": [
    1.0867135524749756,
    1.022802710533142,
    0.9955468773841858,
    0.969561755657196,
    0.9358977675437927,
    0.9096738696098328,
    0.9004204869270325,
    0.8772489428520203,
    0.8518233299255371,
    0.8255066871643066,
    0.8173080086708069,
    0.7915710806846619,
    0.7604320645332336,
    0.7551524043083191,
    0.7154571413993835,
    0.7095246911048889,
    0.6778226494789124,
    0.6530066132545471,
    0.6304337382316589,
    0.6334088444709778,
    0.605260968208313,
    0.5965288281440735,
    0.5888963341712952,
    0.5468263030052185,
    0.5368143320083618,
    0.5392975807189941,
    0.5208556056022644,
    0.4953608214855194,
    0.49791955947875977,
    0.46608614921569824
  ],
  "mae_history": [
    0.8309342265129089,
    0.806279182434082,
    0.796083927154541,
    0.7848610877990723,
    0.7717829346656799,
    0.7607983946800232,
    0.7565481066703796,
    0.7464777827262878,
    0.7364442944526672,
    0.7253130078315735,
    0.7205207943916321,
    0.7089241147041321,
    0.6951925158500671,
    0.6918665766716003,
    0.6728331446647644,
    0.6699849963188171,
    0.6540713310241699,
    0.6419605016708374,
    0.6300299763679504,
    0.6308797001838684,
    0.6165928840637207,
    0.6116029620170593,
    0.6061524152755737,
    0.5845335721969604,
    0.5790045261383057,
    0.5783159136772156,
    0.5691012740135193,
    0.5552037358283997,
    0.5549716949462891,
    0.5379601120948792
  ],
  "spectral_calls": 0.0,
  "spectral_time_seconds": 0.0,
  "spectral_cpu_time_seconds": 0.0,
  "spectral_cuda_time_seconds": 0.0
}