{
  "loss_mean": 1.020109623670578,
  "loss_last": 0.9967770576477051,
  "mae_mean": 0.8056202133496603,
  "runtime_seconds": 0.5300453749950975,
  "status": "ok",
  "num_steps": 12,
  "epochs": 2,
  "steps_per_second": 22.639571187864792,
  "images_per_second": 724.4662780116734,
  "runtime_per_epoch": 0.26502268749754876,
  "loss_initial": 1.060180425643921,
  "loss_final": 0.9967770576477051,
  "loss_drop": 0.06340336799621582,
  "loss_drop_per_second": 0.1196187552750597,
  "loss_threshold": null,
  "loss_threshold_steps": null,
  "loss_threshold_time": null,
  "loss_history": [
    1.060180425643921,
    1.0684157609939575,
    1.0516870021820068,
    1.032138466835022,
    1.0428003072738647,
    0.9972977638244629,
    1.0206125974655151,
    0.9919716715812683,
    0.9995468258857727,
    0.9936289191246033,
    0.9862586855888367,
    0.9967770576477051
  ],
  "mae_history": [
    0.8200458884239197,
    0.8237640261650085,
    0.8174147009849548,
    0.8135697245597839,
    0.8145095705986023,
    0.7966723442077637,
    0.8064713478088379,
    0.7951191067695618,
    0.7969412207603455,
    0.7937212586402893,
    0.7923951148986816,
    0.7968182563781738
  ],
  "spectral_calls": 0.0,
  "spectral_time_seconds": 0.0,
  "spectral_cpu_time_seconds": 0.0,
  "spectral_cuda_time_seconds": 0.0
}