{
  "loss_mean": 1.4717102497816086,
  "loss_last": 1.219649076461792,
  "mae_mean": 0.9597655199468136,
  "runtime_seconds": 4.4764868329511955,
  "status": "ok",
  "num_steps": 16,
  "epochs": 2,
  "steps_per_second": 3.574231444673265,
  "images_per_second": 114.37540622954448,
  "runtime_per_epoch": 2.2382434164755978,
  "loss_initial": 2.0426361560821533,
  "loss_final": 1.219649076461792,
  "loss_drop": 0.8229870796203613,
  "loss_drop_per_second": 0.18384664365868222,
  "loss_threshold": null,
  "loss_threshold_steps": null,
  "loss_threshold_time": null,
  "loss_history": [
    2.0426361560821533,
    1.8813804388046265,
    1.7861266136169434,
    1.6810137033462524,
    1.6043864488601685,
    1.5633186101913452,
    1.480790138244629,
    1.4600263833999634,
    1.3495625257492065,
    1.3068801164627075,
    1.27328360080719,
    1.2512346506118774,
    1.2481745481491089,
    1.2097910642623901,
    1.1891099214553833,
    1.219649076461792
  ],
  "mae_history": [
    1.1271156072616577,
    1.0851659774780273,
    1.0608240365982056,
    1.0280486345291138,
    1.0075937509536743,
    0.9928708672523499,
    0.965900719165802,
    0.9586122632026672,
    0.9250154495239258,
    0.906927764415741,
    0.8975464701652527,
    0.891190230846405,
    0.8893358111381531,
    0.8743967413902283,
    0.8686626553535461,
    0.8770413398742676
  ]
}