{
  "loss_mean": 0.8055907785892487,
  "loss_last": 0.5659484267234802,
  "mae_mean": 0.7103095869223277,
  "runtime_seconds": 21.152157208067365,
  "status": "ok",
  "num_steps": 30,
  "epochs": 3,
  "steps_per_second": 1.4182950563812042,
  "images_per_second": 90.77088360839707,
  "runtime_per_epoch": 7.050719069355789,
  "loss_initial": 1.19186532497406,
  "loss_final": 0.5659484267234802,
  "loss_drop": 0.6259168982505798,
  "loss_drop_per_second": 0.029591161416475154,
  "loss_threshold": null,
  "loss_threshold_steps": null,
  "loss_threshold_time": null,
  "loss_history": [
    1.19186532497406,
    1.1018766164779663,
    1.0522717237472534,
    1.0129666328430176,
    0.9856365323066711,
    0.9615704417228699,
    0.9514942169189453,
    0.9266762733459473,
    0.9138652682304382,
    0.9025751948356628,
    0.8778277039527893,
    0.8789251446723938,
    0.8521688580513,
    0.8271098136901855,
    0.8238885998725891,
    0.7855780124664307,
    0.764181911945343,
    0.7391881346702576,
    0.7157147526741028,
    0.7203359603881836,
    0.6785407066345215,
    0.6704892516136169,
    0.6570457816123962,
    0.6503622531890869,
    0.6292946934700012,
    0.5903656482696533,
    0.5823265910148621,
    0.5772390961647034,
    0.5803937911987305,
    0.5659484267234802
  ],
  "mae_history": [
    0.8698649406433105,
    0.8379879593849182,
    0.8173031806945801,
    0.8030832409858704,
    0.7914150357246399,
    0.7815237045288086,
    0.7780535817146301,
    0.767763614654541,
    0.7620773911476135,
    0.7574918866157532,
    0.7472065091133118,
    0.7476798892021179,
    0.7355956435203552,
    0.7252271175384521,
    0.7229346632957458,
    0.7061862945556641,
    0.6958721280097961,
    0.6844356656074524,
    0.6728482842445374,
    0.6743404269218445,
    0.6544600129127502,
    0.6500515341758728,
    0.6440370082855225,
    0.6396982669830322,
    0.6289709806442261,
    0.6088448166847229,
    0.6052255630493164,
    0.6020556688308716,
    0.6027451157569885,
    0.5943074822425842
  ],
  "spectral_calls": 0.0,
  "spectral_time_seconds": 0.0,
  "spectral_cpu_time_seconds": 0.0,
  "spectral_cuda_time_seconds": 0.0
}