{
  "loss_mean": 0.8113103727499644,
  "loss_last": 0.5763604640960693,
  "mae_mean": 0.7129509747028351,
  "runtime_seconds": 25.815048082964495,
  "status": "ok",
  "num_steps": 30,
  "epochs": 3,
  "steps_per_second": 1.162112884840884,
  "images_per_second": 74.37522462981657,
  "runtime_per_epoch": 8.605016027654832,
  "loss_initial": 1.2171659469604492,
  "loss_final": 0.5763604640960693,
  "loss_drop": 0.6408054828643799,
  "loss_drop_per_second": 0.024822943610446003,
  "loss_threshold": null,
  "loss_threshold_steps": null,
  "loss_threshold_time": null,
  "loss_history": [
    1.2171659469604492,
    1.0924497842788696,
    1.0302995443344116,
    1.0034466981887817,
    0.9913620948791504,
    0.9797616004943848,
    0.9557805061340332,
    0.9347126483917236,
    0.9182835221290588,
    0.9112160801887512,
    0.8911274075508118,
    0.8668472170829773,
    0.8466368317604065,
    0.823603630065918,
    0.8130800724029541,
    0.7771124839782715,
    0.7718396186828613,
    0.7595546841621399,
    0.7355033755302429,
    0.716236412525177,
    0.7044754028320312,
    0.6630777716636658,
    0.6733526587486267,
    0.6360667943954468,
    0.65525883436203,
    0.6035653948783875,
    0.5976460576057434,
    0.6168474555015564,
    0.5766401886940002,
    0.5763604640960693
  ],
  "mae_history": [
    0.8798208832740784,
    0.8335714340209961,
    0.8098260760307312,
    0.7989752888679504,
    0.7943892478942871,
    0.7892453074455261,
    0.7800052165985107,
    0.7708656787872314,
    0.7636834979057312,
    0.7609451413154602,
    0.7525253295898438,
    0.7424408793449402,
    0.7327446937561035,
    0.7231172919273376,
    0.7180320620536804,
    0.7018623352050781,
    0.6995844841003418,
    0.6933487057685852,
    0.6818642020225525,
    0.672706663608551,
    0.6663219332695007,
    0.6472845673561096,
    0.651257336139679,
    0.6332201361656189,
    0.6406300067901611,
    0.6157896518707275,
    0.612155020236969,
    0.6209551692008972,
    0.6005721688270569,
    0.6007888317108154
  ],
  "spectral_calls": 0.0,
  "spectral_time_seconds": 0.0,
  "spectral_cpu_time_seconds": 0.0,
  "spectral_cuda_time_seconds": 0.0
}