{
  "loss_mean": 0.5255857525765896,
  "loss_last": 0.3572157621383667,
  "mae_mean": 0.5118745882809163,
  "runtime_seconds": 127.35354154207744,
  "status": "ok",
  "num_steps": 200,
  "epochs": 1,
  "steps_per_second": 1.5704313957686074,
  "images_per_second": 50.253804664595435,
  "runtime_per_epoch": 127.35354154207744,
  "loss_initial": 3.2991762161254883,
  "loss_final": 0.3572157621383667,
  "loss_drop": 2.9419604539871216,
  "loss_drop_per_second": 0.023100735310255208,
  "loss_threshold": null,
  "loss_threshold_steps": null,
  "loss_threshold_time": null,
  "loss_history": [
    3.2991762161254883,
    3.065718412399292,
    2.837458610534668,
    2.5652828216552734,
    2.361619710922241,
    2.175671339035034,
    1.9910742044448853,
    1.8528413772583008,
    1.724035382270813,
    1.497532844543457,
    1.3978853225708008,
    1.362565040588379,
    1.279579520225525,
    1.1329514980316162,
    1.1359059810638428,
    1.0791410207748413,
    0.9355422854423523,
    0.9290165901184082,
    0.8989027142524719,
    0.8551311492919922,
    0.8767008781433105,
    0.6861186027526855,
    0.6719405651092529,
    0.7539270520210266,
    0.7851104736328125,
    0.7567975521087646,
    0.701138436794281,
    0.6704433560371399,
    0.6283759474754333,
    0.6100358963012695,
    0.5556855797767639,
    0.6221117973327637,
    0.6457106471061707,
    0.5078734159469604,
    0.5464261174201965,
    0.5793877243995667,
    0.6207420229911804,
    0.64243483543396,
    0.4416748583316803,
    0.47961416840553284,
    0.5104479193687439,
    0.5786406993865967,
    0.497077077627182,
    0.5141178965568542,
    0.5153495669364929,
    0.4257906675338745,
    0.45046770572662354,
    0.40676239132881165,
    0.494441419839859,
    0.4326167404651642,
    0.4339052140712738,
    0.6431544423103333,
    0.3544597625732422,
    0.42131319642066956,
    0.4366566240787506,
    0.43082356452941895,
    0.4104074239730835,
    0.47573718428611755,
    0.4397036135196686,
    0.4232003688812256,
    0.40163907408714294,
    0.3712362051010132,
    0.4766284227371216,
    0.44188395142555237,
    0.28121745586395264,
    0.3199811279773712,
    0.33464816212654114,
    0.45107778906822205,
    0.46604886651039124,
    0.3919704258441925,
    0.3650074899196625,
    0.3700500726699829,
    0.3671232759952545,
    0.4364100992679596,
    0.3940548896789551,
    0.3811454772949219,
    0.36268821358680725,
    0.40840044617652893,
    0.3578174114227295,
    0.35321900248527527,
    0.3580816686153412,
    0.39412108063697815,
    0.36807575821876526,
    0.33065661787986755,
    0.44181451201438904,
    0.3392864167690277,
    0.3467491567134857,
    0.4144585132598877,
    0.3075686991214752,
    0.41956353187561035,
    0.37730515003204346,
    0.3443589210510254,
    0.40029752254486084,
    0.2813878357410431,
    0.4222143888473511,
    0.3073734939098358,
    0.31269553303718567,
    0.322848916053772,
    0.32698529958724976,
    0.32809528708457947,
    0.36295732855796814,
    0.2894399166107178,
    0.3784186840057373,
    0.4802916944026947,
    0.2813360095024109,
    0.320576548576355,
    0.40363457798957825,
    0.3415391147136688,
    0.3050708770751953,
    0.31461599469184875,
    0.36908045411109924,
    0.35204067826271057,
    0.3481467664241791,
    0.33631932735443115,
    0.29634353518486023,
    0.3396882116794586,
    0.38136401772499084,
    0.36432138085365295,
    0.43296024203300476,
    0.25729724764823914,
    0.4242675006389618,
    0.3022308051586151,
    0.3558669984340668,
    0.3628370761871338,
    0.28287068009376526,
    0.4212017059326172,
    0.2850308120250702,
    0.3924497067928314,
    0.35776257514953613,
    0.37515029311180115,
    0.35663485527038574,
    0.3162313997745514,
    0.3623838722705841,
    0.29322874546051025,
    0.32349923253059387,
    0.3333531618118286,
    0.3610343933105469,
    0.28851261734962463,
    0.34711238741874695,
    0.3969389498233795,
    0.2784911096096039,
    0.3682750165462494,
    0.3183588683605194,
    0.3718702793121338,
    0.3331277370452881,
    0.30330410599708557,
    0.2891559302806854,
    0.23864209651947021,
    0.38835015892982483,
    0.32225772738456726,
    0.3339535892009735,
    0.31626418232917786,
    0.28429940342903137,
    0.3547685146331787,
    0.30242690443992615,
    0.3060574233531952,
    0.3999801576137543,
    0.34843742847442627,
    0.3580766022205353,
    0.3987347185611725,
    0.2759269177913666,
    0.3247682750225067,
    0.2627328038215637,
    0.3267485797405243,
    0.3349269926548004,
    0.3671688735485077,
    0.35830655694007874,
    0.47268080711364746,
    0.4124882221221924,
    0.28873786330223083,
    0.2793445885181427,
    0.2998446226119995,
    0.2856007218360901,
    0.37889227271080017,
    0.3661969006061554,
    0.2871667146682739,
    0.29235073924064636,
    0.4210059642791748,
    0.3264884650707245,
    0.28515860438346863,
    0.28210166096687317,
    0.3858937919139862,
    0.35627198219299316,
    0.37544265389442444,
    0.23870474100112915,
    0.29563888907432556,
    0.32426348328590393,
    0.3329349160194397,
    0.3636951446533203,
    0.2421281933784485,
    0.3041362762451172,
    0.39990195631980896,
    0.32061341404914856,
    0.38264378905296326,
    0.27532052993774414,
    0.37315306067466736,
    0.3182867467403412,
    0.38775166869163513,
    0.3151024281978607,
    0.3572157621383667
  ],