{
  "loss_mean": 1.1454660892486572,
  "loss_last": 1.1161266565322876,
  "mae_mean": 0.8540646433830261,
  "runtime_seconds": 0.5702466659713537,
  "status": "ok",
  "num_steps": 3,
  "epochs": 1,
  "steps_per_second": 5.260881262479323,
  "images_per_second": 168.34820039933834,
  "runtime_per_epoch": 0.5702466659713537,
  "loss_initial": 1.1754958629608154,
  "loss_final": 1.1161266565322876,
  "loss_drop": 0.05936920642852783,
  "loss_drop_per_second": 0.10411144855603635,
  "loss_threshold": null,
  "loss_threshold_steps": null,
  "loss_threshold_time": null,
  "loss_history": [
    1.1754958629608154,
    1.1447757482528687,
    1.1161266565322876
  ],
  "mae_history": [
    0.8650546669960022,
    0.8539671301841736,
    0.8431721329689026
  ],
  "spectral_calls": 0.0,
  "spectral_time_seconds": 0.0,
  "spectral_cpu_time_seconds": 0.0,
  "spectral_cuda_time_seconds": 0.0
}