{
  "loss_mean": 0.76607945561409,
  "loss_last": 0.5152333378791809,
  "mae_mean": 0.6915919403235118,
  "runtime_seconds": 25.421342957997695,
  "status": "ok",
  "num_steps": 30,
  "epochs": 3,
  "steps_per_second": 1.1801107459022668,
  "images_per_second": 75.52708773774508,
  "runtime_per_epoch": 8.473780985999232,
  "loss_initial": 1.1174631118774414,
  "loss_final": 0.5152333378791809,
  "loss_drop": 0.6022297739982605,
  "loss_drop_per_second": 0.023689927593254695,
  "loss_threshold": null,
  "loss_threshold_steps": null,
  "loss_threshold_time": null,
  "loss_history": [
    1.1174631118774414,
    1.043522596359253,
    1.0205044746398926,
    0.9837552905082703,
    0.9602414965629578,
    0.9397003650665283,
    0.9274399280548096,
    0.9118253588676453,
    0.8936436772346497,
    0.8746827244758606,
    0.8466261029243469,
    0.817797839641571,
    0.8137480616569519,
    0.7811878323554993,
    0.7602667808532715,
    0.7506052851676941,
    0.7334070801734924,
    0.7215394973754883,
    0.6850202679634094,
    0.6660691499710083,
    0.6445164680480957,
    0.6564354300498962,
    0.5939543843269348,
    0.5896364450454712,
    0.5960084199905396,
    0.5547090172767639,
    0.5379547476768494,
    0.5375556349754333,
    0.5073328614234924,
    0.5152333378791809
  ],
  "mae_history": [
    0.8430774807929993,
    0.8153231739997864,
    0.8063241839408875,
    0.7911632657051086,
    0.7799227237701416,
    0.7724193930625916,
    0.7679464221000671,
    0.7608839869499207,
    0.7533852458000183,
    0.7452324032783508,
    0.7330090403556824,
    0.7205893397331238,
    0.7183230519294739,
    0.7034368515014648,
    0.6935721039772034,
    0.6890089511871338,
    0.6798219084739685,
    0.675377368927002,
    0.6582353711128235,
    0.6483133435249329,
    0.6368557810783386,
    0.6423213481903076,
    0.6116687655448914,
    0.6097851991653442,
    0.611284077167511,
    0.5896075367927551,
    0.5804608464241028,
    0.5796483159065247,
    0.563087522983551,
    0.5676732063293457
  ],
  "spectral_calls": 0.0,
  "spectral_time_seconds": 0.0,
  "spectral_cpu_time_seconds": 0.0,
  "spectral_cuda_time_seconds": 0.0
}