{
  "loss_mean": 0.4073059247434139,
  "loss_last": 0.18213914334774017,
  "mae_mean": 0.4722124506533146,
  "runtime_seconds": 82.01049650006462,
  "status": "ok",
  "num_steps": 200,
  "epochs": 1,
  "steps_per_second": 2.4387122202075977,
  "images_per_second": 78.03879104664313,
  "runtime_per_epoch": 82.01049650006462,
  "loss_initial": 1.1229974031448364,
  "loss_final": 0.18213914334774017,
  "loss_drop": 0.9408582597970963,
  "loss_drop_per_second": 0.011472412678252166,
  "loss_threshold": null,
  "loss_threshold_steps": null,
  "loss_threshold_time": null,
  "loss_history": [
    1.1229974031448364,
    1.0865474939346313,
    1.0537816286087036,
    1.028727412223816,
    1.019770860671997,
    1.0131274461746216,
    1.0017991065979004,
    0.9929043650627136,
    0.9764599800109863,
    0.9787347912788391,
    0.9749616980552673,
    0.95381098985672,
    0.9461634755134583,
    0.9346713423728943,
    0.9421856999397278,
    0.9344645142555237,
    0.9158761501312256,
    0.9130699634552002,
    0.8974847197532654,
    0.9018985629081726,
    0.8822634816169739,
    0.8869969248771667,
    0.8567320704460144,
    0.8554834723472595,
    0.8478281497955322,
    0.8397933840751648,
    0.8137631416320801,
    0.8070642948150635,
    0.8210117816925049,
    0.7650111317634583,
    0.7522369027137756,
    0.7651788592338562,
    0.7433161735534668,
    0.7187749743461609,
    0.7226527333259583,
    0.7076273560523987,
    0.6930150985717773,
    0.6783650517463684,
    0.686335563659668,
    0.6732163429260254,
    0.6498753428459167,
    0.6504948735237122,
    0.6461079716682434,
    0.6281018257141113,
    0.6056450009346008,
    0.592125654220581,
    0.5987415909767151,
    0.5733420848846436,
    0.5789286494255066,
    0.5449637770652771,
    0.6077912449836731,
    0.5493661165237427,
    0.538226842880249,
    0.5246922969818115,
    0.5287957191467285,
    0.5255284905433655,
    0.5014256834983826,
    0.5150017738342285,
    0.47530484199523926,
    0.472705215215683,
    0.48650988936424255,
    0.46748724579811096,
    0.4701593816280365,
    0.4481308162212372,
    0.4175707995891571,
    0.4388945996761322,
    0.4295944273471832,
    0.41535675525665283,
    0.40184441208839417,
    0.40462711453437805,
    0.4310949742794037,
    0.4062722623348236,
    0.40325382351875305,
    0.39512309432029724,
    0.3928912580013275,
    0.4199707508087158,
    0.3917193114757538,
    0.3502424657344818,
    0.4000338315963745,
    0.3413930833339691,
    0.34308257699012756,
    0.33142781257629395,
    0.32341209053993225,
    0.33986902236938477,
    0.3435021936893463,
    0.3569454848766327,
    0.31648069620132446,
    0.32657670974731445,
    0.30420610308647156,
    0.31900838017463684,
    0.3019600212574005,
    0.3135561943054199,
    0.3293369710445404,
    0.2809923589229584,
    0.31421640515327454,
    0.3240627646446228,
    0.299884557723999,
    0.2647482454776764,
    0.27078568935394287,
    0.278586745262146,
    0.2814287841320038,
    0.26904088258743286,
    0.25353726744651794,
    0.2554953396320343,
    0.28671562671661377,
    0.2507568597793579,
    0.23148657381534576,
    0.29790303111076355,
    0.27566075325012207,
    0.2401571124792099,
    0.24276268482208252,
    0.23420120775699615,
    0.25347891449928284,
    0.2660175859928131,
    0.22961585223674774,
    0.25237783789634705,
    0.22742553055286407,
    0.2704817056655884,
    0.2674277722835541,
    0.2005283087491989,
    0.2615603506565094,
    0.25422775745391846,
    0.24292850494384766,
    0.20793010294437408,
    0.22727759182453156,
    0.22380530834197998,
    0.1931367665529251,
    0.2252531498670578,
    0.21873067319393158,
    0.2581479251384735,
    0.2507303059101105,
    0.250980943441391,
    0.18562622368335724,
    0.18827368319034576,
    0.2791684567928314,
    0.23383180797100067,
    0.21492348611354828,
    0.17054642736911774,
    0.1902119666337967,
    0.19602496922016144,
    0.20349229872226715,
    0.2083539366722107,
    0.23855668306350708,
    0.22031688690185547,
    0.1843247264623642,
    0.18519221246242523,
    0.22425861656665802,
    0.19038617610931396,
    0.18430466949939728,
    0.24916620552539825,
    0.20370428264141083,
    0.17521421611309052,
    0.19551102817058563,
    0.15359532833099365,
    0.19103509187698364,
    0.1848839968442917,
    0.15324556827545166,
    0.16055195033550262,
    0.17566823959350586,
    0.20897753536701202,
    0.20095372200012207,
    0.23529423773288727,
    0.18688787519931793,
    0.19973711669445038,
    0.2075565606355667,
    0.17053991556167603,
    0.1654733419418335,
    0.18341876566410065,
    0.21628952026367188,
    0.1591445505619049,
    0.17890286445617676,
    0.1643354743719101,
    0.1746402233839035,
    0.1701652854681015,
    0.19528336822986603,
    0.17038594186306,
    0.15171469748020172,
    0.16932086646556854,
    0.15948212146759033,
    0.2083890438079834,
    0.17834098637104034,
    0.17241980135440826,
    0.1671052724123001,
    0.17433583736419678,
    0.21471260488033295,
    0.1489952802658081,
    0.17849282920360565,
    0.17608509957790375,
    0.14195187389850616,
    0.1449529528617859,
    0.13685496151447296,
    0.19319802522659302,
    0.1590091586112976,
    0.17237024009227753,
    0.15794390439987183,
    0.136648491024971,
    0.17181958258152008,
    0.16317172348499298,
    0.16408519446849823,
    0.18213914334774017
  ],