{
  "loss_mean": 1.370200548171997,
  "loss_last": 1.0733789205551147,
  "mae_mean": 0.902339186668396,
  "runtime_seconds": 60.98078358301427,
  "status": "ok",
  "num_steps": 50,
  "epochs": 1,
  "steps_per_second": 0.8199304282788376,
  "images_per_second": 26.2377737049228,
  "runtime_per_epoch": 60.98078358301427,
  "loss_initial": 2.8296096324920654,
  "loss_final": 1.0733789205551147,
  "loss_drop": 1.7562307119369507,
  "loss_drop_per_second": 0.028799739995898237,
  "loss_threshold": null,
  "loss_threshold_steps": null,
  "loss_threshold_time": null,
  "loss_history": [
    2.8296096324920654,
    2.6195638179779053,
    2.3834474086761475,
    2.303297996520996,
    2.1091463565826416,
    2.0204856395721436,
    1.882659912109375,
    1.7742929458618164,
    1.7395604848861694,
    1.6193352937698364,
    1.5982412099838257,
    1.501104712486267,
    1.4394675493240356,
    1.3967078924179077,
    1.3961129188537598,
    1.311361312866211,
    1.298893928527832,
    1.2693214416503906,
    1.246986746788025,
    1.2603678703308105,
    1.2091994285583496,
    1.2009490728378296,
    1.20847749710083,
    1.1838932037353516,
    1.1754043102264404,
    1.174538493156433,
    1.1360979080200195,
    1.161092758178711,
    1.1404765844345093,
    1.1338165998458862,
    1.1247706413269043,
    1.1089597940444946,
    1.1318610906600952,
    1.1190540790557861,
    1.0910319089889526,
    1.106947422027588,
    1.1027734279632568,
    1.0949066877365112,
    1.1057883501052856,
    1.083917260169983,
    1.0859389305114746,
    1.0751034021377563,
    1.070172905921936,
    1.0774141550064087,
    1.0707110166549683,
    1.072219967842102,
    1.0741134881973267,
    1.0564695596694946,
    1.060583472251892,
    1.0733789205551147
  ],
  "mae_history": [
    1.2233085632324219,
    1.204214096069336,
    1.168698787689209,
    1.141660451889038,
    1.1023130416870117,
    1.0798307657241821,
    1.048208236694336,
    1.0107810497283936,
    1.0023728609085083,
    0.9837753176689148,
    0.9706279635429382,
    0.9514991641044617,
    0.9279847145080566,
    0.916832447052002,
    0.9170982241630554,
    0.892859697341919,
    0.889327347278595,
    0.8773890137672424,
    0.8747997283935547,
    0.8790273666381836,
    0.8665183186531067,
    0.860271155834198,
    0.8664620518684387,
    0.8517708778381348,
    0.8527351021766663,
    0.8535277247428894,
    0.8404707908630371,
    0.8494634032249451,
    0.843699038028717,
    0.8425895571708679,
    0.8381778597831726,
    0.832977831363678,
    0.8385780453681946,
    0.8374602198600769,
    0.8267194628715515,
    0.8311811089515686,
    0.8319161534309387,
    0.8290343284606934,
    0.8294515609741211,
    0.8266617655754089,
    0.8257881999015808,
    0.8219955563545227,
    0.8195498585700989,
    0.8223684430122375,
    0.8178941607475281,
    0.820880115032196,
    0.8214221596717834,
    0.8167686462402344,
    0.8168509602546692,
    0.8211660385131836
  ]
}