{
  "loss_mean": 1.0544513952732086,
  "loss_last": 0.4710662364959717,
  "mae_mean": 0.7343607878684998,
  "runtime_seconds": 38.14699404197745,
  "status": "ok",
  "num_steps": 50,
  "epochs": 1,
  "steps_per_second": 1.310719265192412,
  "images_per_second": 41.943016486157184,
  "runtime_per_epoch": 38.14699404197745,
  "loss_initial": 3.3114871978759766,
  "loss_final": 0.4710662364959717,
  "loss_drop": 2.840420961380005,
  "loss_drop_per_second": 0.07445988950674248,
  "loss_threshold": null,
  "loss_threshold_steps": null,
  "loss_threshold_time": null,
  "loss_history": [
    3.3114871978759766,
    3.0745506286621094,
    2.8384017944335938,
    2.562502145767212,
    2.3412625789642334,
    2.1531379222869873,
    1.9728072881698608,
    1.82248055934906,
    1.7031196355819702,
    1.476624608039856,
    1.376603603363037,
    1.337148666381836,
    1.2596064805984497,
    1.1308742761611938,
    1.1273044347763062,
    1.0700751543045044,
    0.9403505921363831,
    0.9246212840080261,
    0.8961625099182129,
    0.8548104763031006,
    0.89410400390625,
    0.7055282592773438,
    0.6955463886260986,
    0.7630098462104797,
    0.7910942435264587,
    0.7713251709938049,
    0.7120197415351868,
    0.6979203224182129,
    0.6605911254882812,
    0.6454576849937439,
    0.5879728198051453,
    0.6437826752662659,
    0.6630633473396301,
    0.538645327091217,
    0.5724754333496094,
    0.6068354845046997,
    0.6524702310562134,
    0.6706492900848389,
    0.4840775728225708,
    0.5130760669708252,
    0.5553853511810303,
    0.6202040314674377,
    0.5432115197181702,
    0.5563393235206604,
    0.5627732276916504,
    0.4720398485660553,
    0.5062248110771179,
    0.45164212584495544,
    0.5401064157485962,
    0.4710662364959717
  ],
  "mae_history": [
    1.2967289686203003,
    1.2629152536392212,
    1.218626856803894,
    1.1652296781539917,
    1.1164915561676025,
    1.067670226097107,
    1.027172565460205,
    0.9924622178077698,
    0.9609399437904358,
    0.8981075286865234,
    0.8665191531181335,
    0.863710880279541,
    0.8413550853729248,
    0.7990757822990417,
    0.7977390885353088,
    0.7772426605224609,
    0.7288671135902405,
    0.7225680351257324,
    0.716806948184967,
    0.6981517672538757,
    0.7148503661155701,
    0.6397284865379333,
    0.6300354599952698,
    0.6614976525306702,
    0.6758806109428406,
    0.669494092464447,
    0.6413875222206116,
    0.6357657313346863,
    0.6157713532447815,
    0.6099887490272522,
    0.5849811434745789,
    0.6127939224243164,
    0.6238976120948792,
    0.5573763847351074,
    0.57782381772995,
    0.5971732139587402,
    0.6181879639625549,
    0.6256410479545593,
    0.5261732935905457,
    0.5479254126548767,
    0.5682603716850281,
    0.6031853556632996,
    0.5637401938438416,
    0.5661319494247437,
    0.5745725035667419,
    0.5202504992485046,
    0.543731153011322,
    0.5104156136512756,
    0.5635870099067688,
    0.5194095969200134
  ]
}