{
  "loss_mean": 0.5255857495963574,
  "loss_last": 0.3572157919406891,
  "mae_mean": 0.5118745873868465,
  "runtime_seconds": 151.00356216705404,
  "status": "ok",
  "num_steps": 200,
  "epochs": 1,
  "steps_per_second": 1.3244720662863674,
  "images_per_second": 42.383106121163756,
  "runtime_per_epoch": 151.00356216705404,
  "loss_initial": 3.2991764545440674,
  "loss_final": 0.3572157919406891,
  "loss_drop": 2.9419606626033783,
  "loss_drop_per_second": 0.019482723588657536,
  "loss_threshold": null,
  "loss_threshold_steps": null,
  "loss_threshold_time": null,
  "loss_history": [
    3.2991764545440674,
    3.065718412399292,
    2.837458610534668,
    2.5652825832366943,
    2.361619234085083,
    2.175671339035034,
    1.9910742044448853,
    1.8528413772583008,
    1.724035620689392,
    1.4975327253341675,
    1.3978852033615112,
    1.362565040588379,
    1.279579520225525,
    1.1329513788223267,
    1.1359061002731323,
    1.0791410207748413,
    0.9355422854423523,
    0.9290165901184082,
    0.8989028334617615,
    0.8551310896873474,
    0.8767008781433105,
    0.6861186027526855,
    0.6719406247138977,
    0.7539270520210266,
    0.7851104736328125,
    0.7567975521087646,
    0.701138436794281,
    0.6704433560371399,
    0.6283759474754333,
    0.6100358963012695,
    0.5556855797767639,
    0.6221117973327637,
    0.6457106471061707,
    0.5078734755516052,
    0.5464261174201965,
    0.5793877243995667,
    0.6207419037818909,
    0.64243483543396,
    0.4416748583316803,
    0.47961416840553284,
    0.5104479193687439,
    0.5786406993865967,
    0.49707701802253723,
    0.5141178965568542,
    0.5153495073318481,
    0.4257906675338745,
    0.45046770572662354,
    0.40676236152648926,
    0.494441419839859,
    0.4326167404651642,
    0.43390515446662903,
    0.6431543827056885,
    0.3544597923755646,
    0.42131319642066956,
    0.4366566836833954,
    0.43082356452941895,
    0.4104074537754059,
    0.47573718428611755,
    0.4397036135196686,
    0.4232003688812256,
    0.40163907408714294,
    0.37123623490333557,
    0.47662845253944397,
    0.44188395142555237,
    0.28121745586395264,
    0.3199811577796936,
    0.33464816212654114,
    0.45107781887054443,
    0.46604886651039124,
    0.3919704854488373,
    0.3650074899196625,
    0.3700500726699829,
    0.36712324619293213,
    0.4364100694656372,
    0.39405491948127747,
    0.3811454772949219,
    0.3626883029937744,
    0.40840044617652893,
    0.3578174114227295,
    0.35321903228759766,
    0.3580816686153412,
    0.39412105083465576,
    0.36807581782341003,
    0.33065661787986755,
    0.44181451201438904,
    0.3392864167690277,
    0.34674909710884094,
    0.4144584834575653,
    0.30756866931915283,
    0.41956353187561035,
    0.37730515003204346,
    0.3443589210510254,
    0.4002975523471832,
    0.2813878059387207,
    0.4222143888473511,
    0.3073734939098358,
    0.31269556283950806,
    0.32284894585609436,
    0.32698529958724976,
    0.32809528708457947,
    0.36295732855796814,
    0.2894399166107178,
    0.3784186840057373,
    0.4802917242050171,
    0.2813359797000885,
    0.320576548576355,
    0.40363454818725586,
    0.3415391147136688,
    0.3050708770751953,
    0.31461599469184875,
    0.36908045411109924,
    0.35204067826271057,
    0.3481467664241791,
    0.33631935715675354,
    0.29634353518486023,
    0.3396882116794586,
    0.38136398792266846,
    0.36432138085365295,
    0.43296024203300476,
    0.25729721784591675,
    0.4242675304412842,
    0.3022308051586151,
    0.3558669984340668,
    0.3628370761871338,
    0.28287070989608765,
    0.4212016761302948,
    0.2850308120250702,
    0.3924497067928314,
    0.35776257514953613,
    0.37515029311180115,
    0.35663485527038574,
    0.3162313997745514,
    0.3623839318752289,
    0.29322874546051025,
    0.32349923253059387,
    0.3333531618118286,
    0.3610343933105469,
    0.28851261734962463,
    0.3471123278141022,
    0.3969389498233795,
    0.2784910798072815,
    0.3682750165462494,
    0.3183588683605194,
    0.3718702793121338,
    0.3331277370452881,
    0.30330410599708557,
    0.2891559600830078,
    0.23864209651947021,
    0.388350248336792,
    0.32225775718688965,
    0.3339535892009735,
    0.31626418232917786,
    0.28429940342903137,
    0.3547685146331787,
    0.30242690443992615,
    0.3060573637485504,
    0.3999801576137543,
    0.34843742847442627,
    0.3580766022205353,
    0.3987347185611725,
    0.2759269177913666,
    0.3247682750225067,
    0.26273277401924133,
    0.3267485797405243,
    0.3349269926548004,
    0.3671688139438629,
    0.35830655694007874,
    0.4726807177066803,
    0.4124882221221924,
    0.28873786330223083,
    0.2793445885181427,
    0.2998446226119995,
    0.2856006920337677,
    0.37889227271080017,
    0.3661969006061554,
    0.28716668486595154,
    0.292350709438324,
    0.4210059642791748,
    0.3264884650707245,
    0.28515860438346863,
    0.2821016311645508,
    0.3858938217163086,
    0.356271892786026,
    0.37544265389442444,
    0.23870472609996796,
    0.29563888907432556,
    0.3242635428905487,
    0.3329348862171173,
    0.3636951446533203,
    0.24212820827960968,
    0.3041362762451172,
    0.39990195631980896,
    0.32061341404914856,
    0.38264378905296326,
    0.27532050013542175,
    0.37315306067466736,
    0.3182867467403412,
    0.38775166869163513,
    0.3151024580001831,
    0.3572157919406891
  ],