{
  "loss_mean": 1.0053491652011872,
  "loss_last": 0.41449594497680664,
  "mae_mean": 0.7087686270475387,
  "runtime_seconds": 40.28458541701548,
  "status": "ok",
  "num_steps": 50,
  "epochs": 1,
  "steps_per_second": 1.2411695312838171,
  "images_per_second": 39.71742500108215,
  "runtime_per_epoch": 40.28458541701548,
  "loss_initial": 3.373760938644409,
  "loss_final": 0.41449594497680664,
  "loss_drop": 2.9592649936676025,
  "loss_drop_per_second": 0.07345899090270053,
  "loss_threshold": null,
  "loss_threshold_steps": null,
  "loss_threshold_time": null,
  "loss_history": [
    3.373760938644409,
    3.1264705657958984,
    2.8249874114990234,
    2.59285831451416,
    2.370035409927368,
    2.144648313522339,
    1.974012851715088,
    1.781265377998352,
    1.703660011291504,
    1.5779775381088257,
    1.3531428575515747,
    1.2874375581741333,
    1.1517685651779175,
    1.0597734451293945,
    1.033263087272644,
    0.9793279767036438,
    0.9830460548400879,
    0.8680202960968018,
    0.8047184348106384,
    0.8371849656105042,
    0.6849002838134766,
    0.7341083884239197,
    0.724797248840332,
    0.7013795971870422,
    0.6075958013534546,
    0.665637195110321,
    0.7249194979667664,
    0.576308012008667,
    0.5309616923332214,
    0.624316394329071,
    0.5149433612823486,
    0.5272998809814453,
    0.5847547650337219,
    0.6303821206092834,
    0.4848746061325073,
    0.481113076210022,
    0.4025256335735321,
    0.5370150208473206,
    0.5523023009300232,
    0.48973289132118225,
    0.40261533856391907,
    0.5871040225028992,
    0.44774603843688965,
    0.45146873593330383,
    0.44193077087402344,
    0.5337902307510376,
    0.42939189076423645,
    0.48455309867858887,
    0.4671344459056854,
    0.41449594497680664
  ],
  "mae_history": [
    1.3073350191116333,
    1.251306176185608,
    1.2026450634002686,
    1.1610255241394043,
    1.10651695728302,
    1.0607702732086182,
    1.019812822341919,
    0.9774605631828308,
    0.9471626281738281,
    0.9251203536987305,
    0.8639628291130066,
    0.8436906933784485,
    0.793663740158081,
    0.7655791640281677,
    0.7622758746147156,
    0.7429998517036438,
    0.7440884113311768,
    0.6991775035858154,
    0.6716199517250061,
    0.6896441578865051,
    0.6231254935264587,
    0.6504473686218262,
    0.6497401595115662,
    0.6316335201263428,
    0.5912614464759827,
    0.6205112934112549,
    0.6498212814331055,
    0.5745388269424438,
    0.5543298721313477,
    0.6049790978431702,
    0.5431393384933472,
    0.5547290444374084,
    0.5876622796058655,
    0.610660970211029,
    0.5353502631187439,
    0.5305290222167969,
    0.48550042510032654,
    0.5658871531486511,
    0.576298713684082,
    0.5338402390480042,
    0.48733559250831604,
    0.5904669761657715,
    0.5152387022972107,
    0.5144557356834412,
    0.5099204778671265,
    0.5652026534080505,
    0.5011687278747559,
    0.5322274565696716,
    0.525119960308075,
    0.4874517023563385
  ]
}