{
  "loss_mean": 1.3795959949493408,
  "loss_last": 1.0644203424453735,
  "mae_mean": 0.9035788345336914,
  "runtime_seconds": 62.14219616691116,
  "status": "ok",
  "num_steps": 50,
  "epochs": 1,
  "steps_per_second": 0.8046062592590425,
  "images_per_second": 25.74740029628936,
  "runtime_per_epoch": 62.14219616691116,
  "loss_initial": 2.840419054031372,
  "loss_final": 1.0644203424453735,
  "loss_drop": 1.7759987115859985,
  "loss_drop_per_second": 0.028579593595561788,
  "loss_threshold": null,
  "loss_threshold_steps": null,
  "loss_threshold_time": null,
  "loss_history": [
    2.840419054031372,
    2.61045503616333,
    2.479736566543579,
    2.2856884002685547,
    2.1574182510375977,
    2.0133354663848877,
    1.8970285654067993,
    1.842812418937683,
    1.7240781784057617,
    1.6181131601333618,
    1.561598777770996,
    1.4796072244644165,
    1.4918437004089355,
    1.3869329690933228,
    1.350553035736084,
    1.3648122549057007,
    1.3190535306930542,
    1.2790008783340454,
    1.270142674446106,
    1.2392674684524536,
    1.2436856031417847,
    1.2432780265808105,
    1.2050033807754517,
    1.1917604207992554,
    1.1866952180862427,
    1.156253457069397,
    1.1670769453048706,
    1.1533527374267578,
    1.1488515138626099,
    1.1304150819778442,
    1.1175026893615723,
    1.1259500980377197,
    1.120489478111267,
    1.112197756767273,
    1.111082911491394,
    1.1078037023544312,
    1.1048511266708374,
    1.1037145853042603,
    1.1146777868270874,
    1.0838476419448853,
    1.1055210828781128,
    1.1043286323547363,
    1.087541103363037,
    1.088334083557129,
    1.0810627937316895,
    1.080336570739746,
    1.089152216911316,
    1.070282220840454,
    1.0684329271316528,
    1.0644203424453735
  ],
  "mae_history": [
    1.217513084411621,
    1.1802033185958862,
    1.1781190633773804,
    1.1199692487716675,
    1.113071084022522,
    1.0756065845489502,
    1.0446497201919556,
    1.0334420204162598,
    1.000628113746643,
    0.9745936989784241,
    0.9632880091667175,
    0.9401981234550476,
    0.9413766264915466,
    0.9183883666992188,
    0.8993434309959412,
    0.9074304103851318,
    0.894031822681427,
    0.8832518458366394,
    0.8776869773864746,
    0.8745908737182617,
    0.8740450739860535,
    0.8751195073127747,
    0.8599173426628113,
    0.8581158518791199,
    0.856035053730011,
    0.8466264605522156,
    0.8491150736808777,
    0.8468285202980042,
    0.8461171984672546,
    0.841074526309967,
    0.8365130424499512,
    0.8379012942314148,
    0.8368359208106995,
    0.8360784649848938,
    0.8361337184906006,
    0.8304929733276367,
    0.8331165313720703,
    0.8303565979003906,
    0.8352617621421814,
    0.8257074952125549,
    0.8314375281333923,
    0.8301205635070801,
    0.8285344243049622,
    0.8231871724128723,
    0.8260104656219482,
    0.8243117928504944,
    0.8269493579864502,
    0.8195036053657532,
    0.8211365342140198,
    0.8189754486083984
  ]
}