{
  "loss_mean": 1.115609536767006,
  "loss_last": 1.0160516500473022,
  "mae_mean": 0.8320983707904815,
  "runtime_seconds": 159.0001855000155,
  "status": "ok",
  "num_steps": 200,
  "epochs": 1,
  "steps_per_second": 1.257860167716474,
  "images_per_second": 40.25152536692717,
  "runtime_per_epoch": 159.0001855000155,
  "loss_initial": 2.8300750255584717,
  "loss_final": 1.0160516500473022,
  "loss_drop": 1.8140233755111694,
  "loss_drop_per_second": 0.01140893873681042,
  "loss_threshold": null,
  "loss_threshold_steps": null,
  "loss_threshold_time": null,
  "loss_history": [
    2.8300750255584717,
    2.621440887451172,
    2.382591962814331,
    2.3045451641082764,
    2.105173349380493,
    2.0204849243164062,
    1.8813236951828003,
    1.7794183492660522,
    1.7405160665512085,
    1.6196180582046509,
    1.5998278856277466,
    1.5013656616210938,
    1.4408003091812134,
    1.3961642980575562,
    1.3934316635131836,
    1.3119772672653198,
    1.2983099222183228,
    1.2684425115585327,
    1.2471545934677124,
    1.2592309713363647,
    1.2106138467788696,
    1.2000147104263306,
    1.2063897848129272,
    1.1838051080703735,
    1.1752177476882935,
    1.174958348274231,
    1.1358747482299805,
    1.1595219373703003,
    1.1397513151168823,
    1.13480806350708,
    1.122585654258728,
    1.1083564758300781,
    1.132656455039978,
    1.1193901300430298,
    1.0908563137054443,
    1.106237769126892,
    1.1028846502304077,
    1.0928627252578735,
    1.1044694185256958,
    1.0825034379959106,
    1.0851889848709106,
    1.075212836265564,
    1.0717114210128784,
    1.0771732330322266,
    1.071433186531067,
    1.0713638067245483,
    1.0737816095352173,
    1.05685555934906,
    1.0621315240859985,
    1.072407603263855,
    1.0617948770523071,
    1.0696829557418823,
    1.0694050788879395,
    1.0630534887313843,
    1.0655442476272583,
    1.0559759140014648,
    1.0601779222488403,
    1.0573960542678833,
    1.060753583908081,
    1.0577073097229004,
    1.0468114614486694,
    1.0496158599853516,
    1.0556045770645142,
    1.048434853553772,
    1.0532114505767822,
    1.0505093336105347,
    1.0551694631576538,
    1.0396023988723755,
    1.055155873298645,
    1.0387338399887085,
    1.0551397800445557,
    1.0379157066345215,
    1.0398263931274414,
    1.0334218740463257,
    1.0418211221694946,
    1.0588854551315308,
    1.0357519388198853,
    1.0534857511520386,
    1.031885027885437,
    1.0527580976486206,
    1.0448130369186401,
    1.0428680181503296,
    1.0390151739120483,
    1.0249727964401245,
    1.0455304384231567,
    1.031626582145691,
    1.0400738716125488,
    1.0353143215179443,
    1.0397766828536987,
    1.0375745296478271,
    1.0285800695419312,
    1.0374479293823242,
    1.0318324565887451,
    1.0300207138061523,
    1.0347176790237427,
    1.0481760501861572,
    1.0261893272399902,
    1.0433696508407593,
    1.024652361869812,
    1.0310473442077637,
    1.0214229822158813,
    1.0322719812393188,
    1.0215643644332886,
    1.0274091958999634,
    1.041961431503296,
    1.02676522731781,
    1.0293910503387451,
    1.0393801927566528,
    1.035962700843811,
    1.0295021533966064,
    1.0239406824111938,
    1.0313128232955933,
    1.0250290632247925,
    1.0242518186569214,
    1.0363408327102661,
    1.0333147048950195,
    1.0268194675445557,
    1.034525990486145,
    1.0261322259902954,
    1.0318058729171753,
    1.0317193269729614,
    1.0424081087112427,
    1.0194199085235596,
    1.0276964902877808,
    1.0235507488250732,
    1.0208779573440552,
    1.0253195762634277,
    1.0382931232452393,
    1.0212074518203735,
    1.0372666120529175,
    1.0307363271713257,
    1.025791049003601,
    1.0334235429763794,
    1.009236216545105,
    1.0263923406600952,
    1.0223772525787354,
    1.030820608139038,
    1.0200228691101074,
    1.030107855796814,
    1.0256353616714478,
    1.0136770009994507,
    1.0255529880523682,
    1.0189310312271118,
    1.020774006843567,
    1.0135778188705444,
    1.0233272314071655,
    1.014053463935852,
    1.0180507898330688,
    1.0182026624679565,
    1.0241442918777466,
    1.0150492191314697,
    1.0253376960754395,
    1.0205403566360474,
    1.0171161890029907,
    1.0242178440093994,
    1.01689612865448,
    1.022160530090332,
    1.0264352560043335,
    1.0226527452468872,
    1.01441490650177,
    1.0112484693527222,
    1.0213443040847778,
    1.0305979251861572,
    1.0296555757522583,
    1.0195001363754272,
    1.0273088216781616,
    1.0309444665908813,
    1.0232595205307007,
    1.0313286781311035,
    1.0041226148605347,
    1.0186563730239868,
    1.0205481052398682,
    1.0190008878707886,
    1.0140217542648315,
    1.0364450216293335,
    1.0186609029769897,
    1.021651268005371,
    1.036888599395752,
    1.0181831121444702,
    1.037359356880188,
    1.020219326019287,
    1.0208295583724976,
    1.0116268396377563,
    1.0151978731155396,
    1.0182929039001465,
    1.0218498706817627,
    1.0283385515213013,
    1.0202467441558838,
    1.0176090002059937,
    1.0081034898757935,
    1.0054360628128052,
    1.0210753679275513,
    1.0237215757369995,
    1.014293909072876,
    1.0107132196426392,
    1.016196846961975,
    1.0230823755264282,
    1.0131326913833618,
    1.0129022598266602,
    1.0160516500473022
  ],