{
  "loss_mean": 0.9472229313850403,
  "loss_last": 0.8786060214042664,
  "mae_mean": 0.7762764453887939,
  "runtime_seconds": 3.7811957501107827,
  "status": "ok",
  "num_steps": 50,
  "epochs": 1,
  "steps_per_second": 13.223330212019594,
  "images_per_second": 423.146566784627,
  "runtime_per_epoch": 3.7811957501107827,
  "loss_initial": 1.0116904973983765,
  "loss_final": 0.8786060214042664,
  "loss_drop": 0.1330844759941101,
  "loss_drop_per_second": 0.03519639944327425,
  "loss_threshold": null,
  "loss_threshold_steps": null,
  "loss_threshold_time": null,
  "loss_history": [
    1.0116904973983765,
    1.0020900964736938,
    1.0129315853118896,
    0.9965595602989197,
    0.990372896194458,
    0.9918920397758484,
    0.9897456765174866,
    0.9845519065856934,
    0.9775575995445251,
    0.9756435751914978,
    0.9878520369529724,
    0.9826853275299072,
    0.9760582447052002,
    0.965742290019989,
    0.9785425066947937,
    0.9782016277313232,
    0.9652600288391113,
    0.9625805020332336,
    0.9651150703430176,
    0.9696170687675476,
    0.9635505676269531,
    0.9587863087654114,
    0.9472798705101013,
    0.9477130770683289,
    0.9535123705863953,
    0.9521422982215881,
    0.9414072632789612,
    0.9454116821289062,
    0.9367129802703857,
    0.9426212310791016,
    0.9535322785377502,
    0.924452006816864,
    0.9392794966697693,
    0.9320883750915527,
    0.926461398601532,
    0.9091293215751648,
    0.9195809364318848,
    0.9149850010871887,
    0.9341681003570557,
    0.923084557056427,
    0.9158872961997986,
    0.9023375511169434,
    0.8987353444099426,
    0.8930826187133789,
    0.8891107439994812,
    0.8942819237709045,
    0.8756713271141052,
    0.9050149917602539,
    0.8778294920921326,
    0.8786060214042664
  ],
  "mae_history": [
    0.8036782145500183,
    0.798353374004364,
    0.803333044052124,
    0.7957187294960022,
    0.7933042645454407,
    0.7944941520690918,
    0.7934677004814148,
    0.7915823459625244,
    0.7903367877006531,
    0.7884123921394348,
    0.7922734618186951,
    0.7901813983917236,
    0.7881772518157959,
    0.7847583293914795,
    0.7892465591430664,
    0.7900494933128357,
    0.7837105393409729,
    0.782797634601593,
    0.7843970656394958,
    0.7855663299560547,
    0.7831301689147949,
    0.7825348377227783,
    0.775706946849823,
    0.7766054272651672,
    0.7787802815437317,
    0.7779847979545593,
    0.7751811146736145,
    0.7756309509277344,
    0.7724977135658264,
    0.77500981092453,
    0.7786521911621094,
    0.7674636840820312,
    0.773191511631012,
    0.7698041796684265,
    0.7676936984062195,
    0.7604394555091858,
    0.7652719020843506,
    0.7626189589500427,
    0.7707695960998535,
    0.7659837603569031,
    0.762307345867157,
    0.7586377263069153,
    0.7555885314941406,
    0.7531664371490479,
    0.7525086402893066,
    0.7538508772850037,
    0.7463740706443787,
    0.7585164904594421,
    0.7465844750404358,
    0.7474976181983948
  ]
}