{
  "loss_mean": 0.7999956210454305,
  "loss_last": 0.5374558568000793,
  "mae_mean": 0.706935836871465,
  "runtime_seconds": 20.693357459036633,
  "status": "ok",
  "num_steps": 30,
  "epochs": 3,
  "steps_per_second": 1.4497405778345178,
  "images_per_second": 92.78339698140914,
  "runtime_per_epoch": 6.8977858196788775,
  "loss_initial": 1.2513281106948853,
  "loss_final": 0.5374558568000793,
  "loss_drop": 0.7138722538948059,
  "loss_drop_per_second": 0.03449765246204952,
  "loss_threshold": null,
  "loss_threshold_steps": null,
  "loss_threshold_time": null,
  "loss_history": [
    1.2513281106948853,
    1.1216486692428589,
    1.0485442876815796,
    1.0085698366165161,
    0.9907357096672058,
    0.9827947020530701,
    0.9527966380119324,
    0.9387064576148987,
    0.9149613380432129,
    0.9008800387382507,
    0.8796125054359436,
    0.8683130741119385,
    0.8407250046730042,
    0.826318085193634,
    0.7943018078804016,
    0.7890799641609192,
    0.755096971988678,
    0.7462216019630432,
    0.7346622347831726,
    0.6930764317512512,
    0.687572181224823,
    0.6462669968605042,
    0.6330137848854065,
    0.604083776473999,
    0.6058573722839355,
    0.5933988690376282,
    0.5627478957176208,
    0.5634507536888123,
    0.5276476740837097,
    0.5374558568000793
  ],
  "mae_history": [
    0.8921434879302979,
    0.8443422317504883,
    0.817483127117157,
    0.8007215857505798,
    0.7932717800140381,
    0.7905139327049255,
    0.7789168953895569,
    0.77276211977005,
    0.7632637023925781,
    0.7569582462310791,
    0.7478850483894348,
    0.7414752840995789,
    0.7296980023384094,
    0.7249999046325684,
    0.7096965909004211,
    0.7073314189910889,
    0.6918866038322449,
    0.6876676678657532,
    0.6811897158622742,
    0.6616062521934509,
    0.658589243888855,
    0.6385099291801453,
    0.6314523816108704,
    0.6164519786834717,
    0.6171491742134094,
    0.6098793745040894,
    0.5943793654441833,
    0.5933992266654968,
    0.5750125646591187,
    0.5794382691383362
  ],
  "spectral_calls": 0.0,
  "spectral_time_seconds": 0.0,
  "spectral_cpu_time_seconds": 0.0,
  "spectral_cuda_time_seconds": 0.0
}