{
  "loss_mean": 0.7623367855946223,
  "loss_last": 0.4764181077480316,
  "mae_mean": 0.6897422015666962,
  "runtime_seconds": 21.02834820805583,
  "status": "ok",
  "num_steps": 30,
  "epochs": 3,
  "steps_per_second": 1.4266455787767098,
  "images_per_second": 91.30531704170943,
  "runtime_per_epoch": 7.009449402685277,
  "loss_initial": 1.1041905879974365,
  "loss_final": 0.4764181077480316,
  "loss_drop": 0.6277724802494049,
  "loss_drop_per_second": 0.029853627780850097,
  "loss_threshold": null,
  "loss_threshold_steps": null,
  "loss_threshold_time": null,
  "loss_history": [
    1.1041905879974365,
    1.0418436527252197,
    1.0169929265975952,
    0.9845319390296936,
    0.9676737785339355,
    0.9446492195129395,
    0.9065529704093933,
    0.8949823379516602,
    0.8797073364257812,
    0.8732638955116272,
    0.844670295715332,
    0.8303796648979187,
    0.8120561242103577,
    0.7774497866630554,
    0.7482022643089294,
    0.7411656975746155,
    0.7429397106170654,
    0.7287859916687012,
    0.6845988631248474,
    0.6578153967857361,
    0.6569167375564575,
    0.6346462368965149,
    0.6182898879051208,
    0.5677871108055115,
    0.5741838216781616,
    0.5501770377159119,
    0.5326473712921143,
    0.5444325804710388,
    0.5321522355079651,
    0.4764181077480316
  ],
  "mae_history": [
    0.8381268978118896,
    0.812998354434967,
    0.8048272728919983,
    0.7910552620887756,
    0.7850111126899719,
    0.7751705050468445,
    0.7585493922233582,
    0.7541139721870422,
    0.7480480670928955,
    0.744525134563446,
    0.73231440782547,
    0.7259392142295837,
    0.7186728119850159,
    0.7017648816108704,
    0.6889780163764954,
    0.6855823397636414,
    0.6853275299072266,
    0.6781148910522461,
    0.6562569737434387,
    0.6440796256065369,
    0.6420721411705017,
    0.6315357089042664,
    0.6224710941314697,
    0.5978920459747314,
    0.6007612347602844,
    0.5881625413894653,
    0.577348530292511,
    0.5811801552772522,
    0.5754218697547913,
    0.5459640622138977
  ],
  "spectral_calls": 0.0,
  "spectral_time_seconds": 0.0,
  "spectral_cpu_time_seconds": 0.0,
  "spectral_cuda_time_seconds": 0.0
}