{
  "loss_mean": 0.7913787496089936,
  "loss_last": 0.4412027597427368,
  "mae_mean": 0.6736033892631531,
  "runtime_seconds": 95.76700674998574,
  "status": "ok",
  "num_steps": 50,
  "epochs": 1,
  "steps_per_second": 0.52210047799168,
  "images_per_second": 16.70721529573376,
  "runtime_per_epoch": 95.76700674998574,
  "loss_initial": 2.301105499267578,
  "loss_final": 0.4412027597427368,
  "loss_drop": 1.8599027395248413,
  "loss_drop_per_second": 0.019421122186479095,
  "loss_threshold": null,
  "loss_threshold_steps": null,
  "loss_threshold_time": null,
  "loss_history": [
    2.301105499267578,
    2.0198614597320557,
    1.788190484046936,
    1.6657253503799438,
    1.511265754699707,
    1.3775039911270142,
    1.22507643699646,
    1.2077603340148926,
    1.061663031578064,
    1.0437030792236328,
    0.9801021218299866,
    0.9171934723854065,
    0.8657676577568054,
    0.8122907280921936,
    0.8144280314445496,
    0.7321968078613281,
    0.7057278156280518,
    0.652641236782074,
    0.7915452122688293,
    0.576935350894928,
    0.6488948464393616,
    0.6358727812767029,
    0.5788035988807678,
    0.5824878811836243,
    0.6192557215690613,
    0.4842788875102997,
    0.5252199172973633,
    0.5567746758460999,
    0.5767273902893066,
    0.6901343464851379,
    0.5610871315002441,
    0.49844250082969666,
    0.4915716350078583,
    0.5639533996582031,
    0.5777358412742615,
    0.5556773543357849,
    0.5672402381896973,
    0.5326232314109802,
    0.5375334024429321,
    0.5556938052177429,
    0.5713499188423157,
    0.4338548183441162,
    0.5222786068916321,
    0.4805109202861786,
    0.5598783493041992,
    0.6793439984321594,
    0.4946180284023285,
    0.5665871500968933,
    0.42862048745155334,
    0.4412027597427368
  ],
  "mae_history": [
    1.163915753364563,
    1.095164179801941,
    1.0404088497161865,
    1.0028623342514038,
    0.9574440121650696,
    0.9189980030059814,
    0.8695246577262878,
    0.8628523349761963,
    0.8095371127128601,
    0.8069657683372498,
    0.7797632813453674,
    0.7543248534202576,
    0.7343654632568359,
    0.7111769318580627,
    0.7101221084594727,
    0.6733748316764832,
    0.659156858921051,
    0.6357028484344482,
    0.6965906023979187,
    0.5985274314880371,
    0.6319714188575745,
    0.6238312721252441,
    0.596021831035614,
    0.5943349599838257,
    0.6136581897735596,
    0.5465146899223328,
    0.5643289685249329,
    0.5814203023910522,
    0.5872551798820496,
    0.6435002684593201,
    0.5824515223503113,
    0.5456119179725647,
    0.5454447269439697,
    0.5779978632926941,
    0.5900412201881409,
    0.5729964971542358,
    0.5837385058403015,
    0.5615665316581726,
    0.562044084072113,
    0.5739529132843018,
    0.5791907906532288,
    0.5077353119850159,
    0.5528071522712708,
    0.5348218083381653,
    0.5785061717033386,
    0.636437714099884,
    0.5410326719284058,
    0.5751410722732544,
    0.5049194693565369,
    0.5101162195205688
  ]
}