{
  "loss_mean": 0.696186767021815,
  "loss_last": 0.4566170275211334,
  "mae_mean": 0.6569386621316274,
  "runtime_seconds": 20.986655499902554,
  "status": "ok",
  "num_steps": 30,
  "epochs": 3,
  "steps_per_second": 1.4294797949172653,
  "images_per_second": 91.48670687470498,
  "runtime_per_epoch": 6.995551833300851,
  "loss_initial": 1.0582889318466187,
  "loss_final": 0.4566170275211334,
  "loss_drop": 0.6016719043254852,
  "loss_drop_per_second": 0.028669261013422504,
  "loss_threshold": null,
  "loss_threshold_steps": null,
  "loss_threshold_time": null,
  "loss_history": [
    1.0582889318466187,
    1.0067139863967896,
    0.9846392273902893,
    0.9462399482727051,
    0.9173714518547058,
    0.9049244523048401,
    0.8796908259391785,
    0.857891321182251,
    0.8306156992912292,
    0.8074848055839539,
    0.7618710398674011,
    0.7434714436531067,
    0.7274422645568848,
    0.7067649364471436,
    0.6813640594482422,
    0.6582491993904114,
    0.6306972503662109,
    0.6260443925857544,
    0.5962513089179993,
    0.5852820873260498,
    0.5827569961547852,
    0.5449369549751282,
    0.5147160887718201,
    0.5253510475158691,
    0.4977947473526001,
    0.4708535671234131,
    0.4741559326648712,
    0.463981032371521,
    0.44314098358154297,
    0.4566170275211334
  ],
  "mae_history": [
    0.8201131820678711,
    0.8003751635551453,
    0.7908029556274414,
    0.7753680348396301,
    0.7638249397277832,
    0.7585871815681458,
    0.747033417224884,
    0.7378079891204834,
    0.7259714007377625,
    0.7157468795776367,
    0.6956307888031006,
    0.6863868236541748,
    0.6789177060127258,
    0.6685326099395752,
    0.6558845043182373,
    0.6448881030082703,
    0.630826473236084,
    0.6286692023277283,
    0.6126796007156372,
    0.606330931186676,
    0.6038152575492859,
    0.5841779112815857,
    0.5682958960533142,
    0.5723784565925598,
    0.5575999617576599,
    0.5432038307189941,
    0.5437588095664978,
    0.5361775755882263,
    0.5245718955993652,
    0.5298023819923401
  ],
  "spectral_calls": 0.0,
  "spectral_time_seconds": 0.0,
  "spectral_cpu_time_seconds": 0.0,
  "spectral_cuda_time_seconds": 0.0
}