{
  "loss_mean": 0.7460271189610164,
  "loss_last": 0.4808502495288849,
  "mae_mean": 0.6817180216312408,
  "runtime_seconds": 20.788401040947065,
  "status": "ok",
  "num_steps": 30,
  "epochs": 3,
  "steps_per_second": 1.4431124327892646,
  "images_per_second": 92.35919569851293,
  "runtime_per_epoch": 6.929467013649021,
  "loss_initial": 1.079485297203064,
  "loss_final": 0.4808502495288849,
  "loss_drop": 0.5986350476741791,
  "loss_drop_per_second": 0.028796589333400065,
  "loss_threshold": null,
  "loss_threshold_steps": null,
  "loss_threshold_time": null,
  "loss_history": [
    1.079485297203064,
    1.0377366542816162,
    1.0009765625,
    0.9660864472389221,
    0.9447773098945618,
    0.9223104119300842,
    0.9045096039772034,
    0.8797929883003235,
    0.8738672137260437,
    0.8447883725166321,
    0.823525607585907,
    0.7987775206565857,
    0.7820116877555847,
    0.7573654055595398,
    0.7444860935211182,
    0.7414255142211914,
    0.706469714641571,
    0.6954326629638672,
    0.6492972373962402,
    0.6482553482055664,
    0.6212839484214783,
    0.5919508934020996,
    0.6028262376785278,
    0.5860260725021362,
    0.5667659640312195,
    0.5537145137786865,
    0.5101889967918396,
    0.5248481631278992,
    0.540980875492096,
    0.4808502495288849
  ],
  "mae_history": [
    0.8289439082145691,
    0.8128827214241028,
    0.7985270023345947,
    0.783328115940094,
    0.7752261161804199,
    0.7660080790519714,
    0.7583708763122559,
    0.7473862767219543,
    0.7445170283317566,
    0.73240727186203,
    0.7230556607246399,
    0.7110977172851562,
    0.7038071155548096,
    0.6920676231384277,
    0.6864337921142578,
    0.684168815612793,
    0.66743403673172,
    0.6606156826019287,
    0.639327347278595,
    0.6373732089996338,
    0.6245388984680176,
    0.609746515750885,
    0.6142368912696838,
    0.6063604950904846,
    0.5944483876228333,
    0.5873203277587891,
    0.5654599070549011,
    0.5713940858840942,
    0.5784637331962585,
    0.5465930104255676
  ],
  "spectral_calls": 0.0,
  "spectral_time_seconds": 0.0,
  "spectral_cpu_time_seconds": 0.0,
  "spectral_cuda_time_seconds": 0.0
}