{
  "loss_mean": 1.0302451249957085,
  "loss_last": 0.9933983683586121,
  "mae_mean": 0.8084295493364334,
  "runtime_seconds": 348.72917216597125,
  "status": "ok",
  "num_steps": 200,
  "epochs": 1,
  "steps_per_second": 0.57351095337907,
  "images_per_second": 18.35235050813024,
  "runtime_per_epoch": 348.72917216597125,
  "loss_initial": 1.9006576538085938,
  "loss_final": 0.9933983683586121,
  "loss_drop": 0.9072592854499817,
  "loss_drop_per_second": 0.002601615688802164,
  "loss_threshold": null,
  "loss_threshold_steps": null,
  "loss_threshold_time": null,
  "loss_history": [
    1.9006576538085938,
    1.6833003759384155,
    1.485390543937683,
    1.3951234817504883,
    1.3040705919265747,
    1.1961957216262817,
    1.1852926015853882,
    1.1448532342910767,
    1.1216331720352173,
    1.106692910194397,
    1.1043330430984497,
    1.1002696752548218,
    1.0849359035491943,
    1.068957805633545,
    1.064974069595337,
    1.067758321762085,
    1.0655114650726318,
    1.0515378713607788,
    1.0510258674621582,
    1.0651644468307495,
    1.0450471639633179,
    1.040564775466919,
    1.0415624380111694,
    1.0304301977157593,
    1.0291392803192139,
    1.0375639200210571,
    1.0290281772613525,
    1.0325087308883667,
    1.0288885831832886,
    1.0241987705230713,
    1.0086582899093628,
    1.0182337760925293,
    1.0185904502868652,
    1.0240463018417358,
    1.0182795524597168,
    1.023983359336853,
    1.0095398426055908,
    1.0150941610336304,
    1.007339358329773,
    1.0107754468917847,
    1.015542984008789,
    1.0151077508926392,
    1.0152722597122192,
    1.0192657709121704,
    1.0100866556167603,
    1.0182558298110962,
    1.0046210289001465,
    1.0263104438781738,
    1.0082850456237793,
    1.0119142532348633,
    1.0211385488510132,
    1.0114272832870483,
    1.0220884084701538,
    1.0232281684875488,
    1.0058504343032837,
    1.0185283422470093,
    1.0087504386901855,
    1.0095843076705933,
    1.016516089439392,
    1.009639859199524,
    1.008723497390747,
    1.014708161354065,
    1.0203832387924194,
    0.9977752566337585,
    1.003203272819519,
    1.0055418014526367,
    1.0133299827575684,
    1.0017670392990112,
    1.0044564008712769,
    1.0123279094696045,
    1.0132948160171509,
    1.0171409845352173,
    1.0083409547805786,
    1.0131603479385376,
    1.0060604810714722,
    1.0101046562194824,
    1.002926230430603,
    1.0152268409729004,
    1.0094784498214722,
    1.0161765813827515,
    1.0049601793289185,
    1.0060657262802124,
    1.0035983324050903,
    1.0113945007324219,
    1.006983995437622,
    1.0089763402938843,
    1.0174922943115234,
    1.012542724609375,
    1.0095628499984741,
    1.0027680397033691,
    1.0087404251098633,
    1.0007139444351196,
    1.004707932472229,
    1.0076721906661987,
    1.0039621591567993,
    1.0116814374923706,
    1.002376914024353,
    1.0072470903396606,
    1.0033178329467773,
    1.001315951347351,
    1.0073176622390747,
    1.0095943212509155,
    1.0092719793319702,
    1.0122426748275757,
    1.0077253580093384,
    1.0082701444625854,
    1.0004345178604126,
    1.0166460275650024,
    1.0115896463394165,
    1.004235863685608,
    1.0039482116699219,
    1.0084577798843384,
    1.0088317394256592,
    1.0099695920944214,
    1.011037826538086,
    0.9941278100013733,
    1.000731348991394,
    1.0148639678955078,
    1.0110788345336914,
    1.0030800104141235,
    1.0121082067489624,
    1.014061450958252,
    1.0078701972961426,
    1.0091320276260376,
    1.0082091093063354,
    1.0019174814224243,
    1.0057615041732788,
    1.0167330503463745,
    1.0037389993667603,
    1.0034445524215698,
    1.0015088319778442,
    1.008241057395935,
    1.0100337266921997,
    1.0046778917312622,
    1.0112534761428833,
    1.0069102048873901,
    0.99857097864151,
    1.011895775794983,
    1.0153446197509766,
    1.0047990083694458,
    1.0073378086090088,
    1.0048390626907349,
    1.01826012134552,
    1.0098892450332642,
    1.0131815671920776,
    1.0052822828292847,
    1.0034507513046265,
    1.0065950155258179,
    1.0127962827682495,
    1.0069440603256226,
    1.0004609823226929,
    1.009682059288025,
    1.0220061540603638,
    1.0070077180862427,
    1.0179871320724487,
    1.011584758758545,
    1.005380630493164,
    1.0085612535476685,
    1.0128121376037598,
    1.0032871961593628,
    1.0027886629104614,
    1.0024334192276,
    1.0055210590362549,
    1.0104256868362427,
    1.009429693222046,
    1.006711721420288,
    1.0061957836151123,
    1.0042916536331177,
    0.9961631894111633,
    1.008851408958435,
    1.012920618057251,
    0.9922855496406555,
    1.0043851137161255,
    1.0013529062271118,
    1.0092226266860962,
    1.0095034837722778,
    1.001426339149475,
    1.0102521181106567,
    1.0067061185836792,
    1.0062522888183594,
    1.0087933540344238,
    1.0043085813522339,
    1.012794852256775,
    1.0042166709899902,
    1.0066741704940796,
    0.9943060874938965,
    1.0064783096313477,
    1.004393458366394,
    0.9991108775138855,
    1.0017517805099487,
    1.0066543817520142,
    1.0039399862289429,
    1.0066865682601929,
    1.0004730224609375,
    1.0105818510055542,
    0.9968452453613281,
    1.003597617149353,
    1.009175419807434,
    1.007938265800476,
    0.9933983683586121
  ],