{
  "loss_mean": 0.43593030229210855,
  "loss_last": 0.2780841588973999,
  "mae_mean": 0.48231363490223883,
  "runtime_seconds": 285.7055707499385,
  "status": "ok",
  "num_steps": 200,
  "epochs": 1,
  "steps_per_second": 0.700021352313947,
  "images_per_second": 22.400683274046305,
  "runtime_per_epoch": 285.7055707499385,
  "loss_initial": 1.9769150018692017,
  "loss_final": 0.2780841588973999,
  "loss_drop": 1.6988308429718018,
  "loss_drop_per_second": 0.005946089320248816,
  "loss_threshold": null,
  "loss_threshold_steps": null,
  "loss_threshold_time": null,
  "loss_history": [
    1.9769150018692017,
    1.81086003780365,
    1.5993690490722656,
    1.4647116661071777,
    1.3823127746582031,
    1.284603476524353,
    1.1680611371994019,
    1.0845599174499512,
    0.927473247051239,
    0.9708805680274963,
    0.8835049271583557,
    0.8884804844856262,
    0.7240288853645325,
    0.7309021949768066,
    0.6890788674354553,
    0.6693368554115295,
    0.6783215999603271,
    0.6888697743415833,
    0.6442396640777588,
    0.6714115142822266,
    0.7431122660636902,
    0.5776060223579407,
    0.568551242351532,
    0.4906521737575531,
    0.6617533564567566,
    0.5909216403961182,
    0.5130608677864075,
    0.5451833605766296,
    0.5372912287712097,
    0.45514681935310364,
    0.4534377157688141,
    0.424814373254776,
    0.4296708106994629,
    0.4624055325984955,
    0.4245096445083618,
    0.44280263781547546,
    0.3906838893890381,
    0.538392186164856,
    0.4941760301589966,
    0.514703094959259,
    0.49100685119628906,
    0.49424728751182556,
    0.4081190526485443,
    0.4211122989654541,
    0.4986991882324219,
    0.49169567227363586,
    0.3787793219089508,
    0.4702008068561554,
    0.4061807096004486,
    0.3989954888820648,
    0.4657691717147827,
    0.34848105907440186,
    0.5889653563499451,
    0.3433428108692169,
    0.40370750427246094,
    0.45833730697631836,
    0.42027392983436584,
    0.34466326236724854,
    0.41897785663604736,
    0.4001333713531494,
    0.3910788297653198,
    0.44677305221557617,
    0.44681695103645325,
    0.3266644775867462,
    0.44316431879997253,
    0.29440823197364807,
    0.3446876108646393,
    0.3850977420806885,
    0.3288961946964264,
    0.32859060168266296,
    0.345942884683609,
    0.2522713541984558,
    0.37966692447662354,
    0.4494501054286957,
    0.4235014021396637,
    0.3526410758495331,
    0.40382781624794006,
    0.3469158411026001,
    0.38061758875846863,
    0.3104522228240967,
    0.3453539311885834,
    0.43776583671569824,
    0.3791533410549164,
    0.4461732804775238,
    0.4182626008987427,
    0.3561052083969116,
    0.4521849453449249,
    0.345120906829834,
    0.3246959149837494,
    0.33804282546043396,
    0.38415518403053284,
    0.3310640752315521,
    0.3891547620296478,
    0.3531312942504883,
    0.34058108925819397,
    0.3220210075378418,
    0.39530149102211,
    0.3864627778530121,
    0.33040544390678406,
    0.3512532413005829,
    0.3728698492050171,
    0.36737704277038574,
    0.37061774730682373,
    0.3898662030696869,
    0.30392229557037354,
    0.34233585000038147,
    0.4202249348163605,
    0.31051358580589294,
    0.3176046311855316,
    0.34571388363838196,
    0.4505889415740967,
    0.4118090569972992,
    0.3502688705921173,
    0.3407629430294037,
    0.32947593927383423,
    0.3786827027797699,
    0.3421168327331543,
    0.42378029227256775,
    0.36407604813575745,
    0.3798750638961792,
    0.33091965317726135,
    0.37507644295692444,
    0.3258306682109833,
    0.36284443736076355,
    0.31502434611320496,
    0.3469066917896271,
    0.3463570177555084,
    0.4481046199798584,
    0.3518131673336029,
    0.3546440303325653,
    0.3308025300502777,
    0.3392660915851593,
    0.3602273166179657,
    0.36644020676612854,
    0.26035985350608826,
    0.371258020401001,
    0.27331194281578064,
    0.2933438718318939,
    0.25170204043388367,
    0.2956281006336212,
    0.30784520506858826,
    0.2664048373699188,
    0.3913470506668091,
    0.30811354517936707,
    0.32350772619247437,
    0.38288840651512146,
    0.3167252838611603,
    0.3245241641998291,
    0.2548131048679352,
    0.27775880694389343,
    0.39095282554626465,
    0.2954293489456177,
    0.3796166479587555,
    0.20167167484760284,
    0.24553680419921875,
    0.3168845474720001,
    0.3232532739639282,
    0.24827122688293457,
    0.3027239739894867,
    0.298597127199173,
    0.22754283249378204,
    0.3146688640117645,
    0.2749950885772705,
    0.33051979541778564,
    0.33472394943237305,
    0.3625463545322418,
    0.3436082899570465,
    0.3318365812301636,
    0.30342820286750793,
    0.4081737995147705,
    0.3914097547531128,
    0.24910695850849152,
    0.38720861077308655,
    0.34657204151153564,
    0.2587378919124603,
    0.3631652295589447,
    0.2894546389579773,
    0.35978808999061584,
    0.21076907217502594,
    0.2959885895252228,
    0.1933388113975525,
    0.27070900797843933,
    0.28221631050109863,
    0.28938210010528564,
    0.37029072642326355,
    0.2955782115459442,
    0.2716544568538666,
    0.21907903254032135,
    0.4067481458187103,
    0.23856626451015472,
    0.3616102635860443,
    0.37345537543296814,
    0.3498493731021881,
    0.3411119878292084,
    0.27649620175361633,
    0.2905822694301605,
    0.273281455039978,
    0.2691217362880707,
    0.32511135935783386,
    0.2780841588973999
  ],