{
  "loss_mean": 0.7165345350901285,
  "loss_last": 0.4759572446346283,
  "mae_mean": 0.6675982415676117,
  "runtime_seconds": 22.282414374989457,
  "status": "ok",
  "num_steps": 30,
  "epochs": 3,
  "steps_per_second": 1.3463532046003517,
  "images_per_second": 86.16660509442251,
  "runtime_per_epoch": 7.427471458329819,
  "loss_initial": 1.0804188251495361,
  "loss_final": 0.4759572446346283,
  "loss_drop": 0.6044615805149078,
  "loss_drop_per_second": 0.027127292866134658,
  "loss_threshold": null,
  "loss_threshold_steps": null,
  "loss_threshold_time": null,
  "loss_history": [
    1.0804188251495361,
    1.0067062377929688,
    0.9734525084495544,
    0.9379509091377258,
    0.9223738312721252,
    0.8891671299934387,
    0.8644636273384094,
    0.8623385429382324,
    0.8219897150993347,
    0.799180805683136,
    0.7920368313789368,
    0.761570930480957,
    0.7385060787200928,
    0.7159289717674255,
    0.6924952864646912,
    0.6832789778709412,
    0.6465278267860413,
    0.6384444832801819,
    0.6505846381187439,
    0.6165916919708252,
    0.5927260518074036,
    0.5855571627616882,
    0.598061740398407,
    0.551084578037262,
    0.5511309504508972,
    0.5222877264022827,
    0.5511500835418701,
    0.4931778907775879,
    0.4808947741985321,
    0.4759572446346283
  ],
  "mae_history": [
    0.8294891715049744,
    0.7998682856559753,
    0.7867844700813293,
    0.7728292942047119,
    0.766502857208252,
    0.7520642280578613,
    0.74046391248703,
    0.73978590965271,
    0.7228951454162598,
    0.7120917439460754,
    0.7084810137748718,
    0.6944900155067444,
    0.6835373044013977,
    0.6725532412528992,
    0.6612836718559265,
    0.6564367413520813,
    0.6377153992652893,
    0.6339609622955322,
    0.6393837928771973,
    0.6217078566551208,
    0.6104035377502441,
    0.6049090027809143,
    0.6102073192596436,
    0.5870309472084045,
    0.585737407207489,
    0.570288896560669,
    0.5838270783424377,
    0.5539331436157227,
    0.5467011332511902,
    0.5425837635993958
  ],
  "spectral_calls": 0.0,
  "spectral_time_seconds": 0.0,
  "spectral_cpu_time_seconds": 0.0,
  "spectral_cuda_time_seconds": 0.0
}