{
  "loss_mean": 0.7478123803933462,
  "loss_last": 0.52083420753479,
  "mae_mean": 0.6826604108015696,
  "runtime_seconds": 21.82529991597403,
  "status": "ok",
  "num_steps": 30,
  "epochs": 3,
  "steps_per_second": 1.374551557847912,
  "images_per_second": 87.97129970226636,
  "runtime_per_epoch": 7.2750999719913425,
  "loss_initial": 1.0805343389511108,
  "loss_final": 0.52083420753479,
  "loss_drop": 0.5597001314163208,
  "loss_drop_per_second": 0.025644556252199493,
  "loss_threshold": null,
  "loss_threshold_steps": null,
  "loss_threshold_time": null,
  "loss_history": [
    1.0805343389511108,
    1.03581964969635,
    1.0058374404907227,
    0.9729534983634949,
    0.94609135389328,
    0.9267800450325012,
    0.8990958333015442,
    0.8777534365653992,
    0.8593509793281555,
    0.8264101147651672,
    0.8237408995628357,
    0.7812396883964539,
    0.7570937275886536,
    0.7416439056396484,
    0.7416817545890808,
    0.7203540802001953,
    0.6962738633155823,
    0.6975651383399963,
    0.6541427969932556,
    0.6480154395103455,
    0.6461276412010193,
    0.6101939678192139,
    0.5911254286766052,
    0.595837414264679,
    0.6004897952079773,
    0.5509645342826843,
    0.5377833247184753,
    0.5568388104438782,
    0.5317983031272888,
    0.52083420753479
  ],
  "mae_history": [
    0.8293552398681641,
    0.8116111159324646,
    0.7996878623962402,
    0.786228358745575,
    0.7754356861114502,
    0.766735851764679,
    0.7564640045166016,
    0.7468826770782471,
    0.7390139698982239,
    0.7248454689979553,
    0.7233323454856873,
    0.7037990093231201,
    0.6923163533210754,
    0.6849374771118164,
    0.6847798228263855,
    0.6739730834960938,
    0.6627089381217957,
    0.6624845266342163,
    0.6422459483146667,
    0.6381554007530212,
    0.6359204649925232,
    0.6189060211181641,
    0.6067923903465271,
    0.608931839466095,
    0.6118164658546448,
    0.5857109427452087,
    0.5782701969146729,
    0.5875935554504395,
    0.5741568207740784,
    0.5667204856872559
  ],
  "spectral_calls": 0.0,
  "spectral_time_seconds": 0.0,
  "spectral_cpu_time_seconds": 0.0,
  "spectral_cuda_time_seconds": 0.0
}