{
  "loss_mean": 0.8749762809276581,
  "loss_last": 0.5285515785217285,
  "mae_mean": 0.7172473180294037,
  "runtime_seconds": 95.46351966704242,
  "status": "ok",
  "num_steps": 50,
  "epochs": 1,
  "steps_per_second": 0.5237602821935536,
  "images_per_second": 16.760329030193716,
  "runtime_per_epoch": 95.46351966704242,
  "loss_initial": 2.3017637729644775,
  "loss_final": 0.5285515785217285,
  "loss_drop": 1.773212194442749,
  "loss_drop_per_second": 0.018574762387007695,
  "loss_threshold": null,
  "loss_threshold_steps": null,
  "loss_threshold_time": null,
  "loss_history": [
    2.3017637729644775,
    2.051042318344116,
    1.8283330202102661,
    1.6751834154129028,
    1.5300034284591675,
    1.4345954656600952,
    1.3052486181259155,
    1.28826105594635,
    1.1741122007369995,
    1.1431000232696533,
    1.0858734846115112,
    1.0259969234466553,
    0.9635819792747498,
    0.9402348399162292,
    0.8989377617835999,
    0.8460342884063721,
    0.8379161953926086,
    0.7736989855766296,
    0.8587956428527832,
    0.7229795455932617,
    0.7614076733589172,
    0.7511493563652039,
    0.6793645024299622,
    0.6986255645751953,
    0.7202205657958984,
    0.592513382434845,
    0.6218658089637756,
    0.6532706618309021,
    0.6718891263008118,
    0.762565553188324,
    0.6519230604171753,
    0.5863061547279358,
    0.5826097130775452,
    0.6304578185081482,
    0.6392189860343933,
    0.634209156036377,
    0.6428699493408203,
    0.617947518825531,
    0.6103891730308533,
    0.6107816100120544,
    0.6489042639732361,
    0.5343836545944214,
    0.6087568402290344,
    0.5538243055343628,
    0.6261286735534668,
    0.7570803761482239,
    0.5632667541503906,
    0.6109978556632996,
    0.5116414427757263,
    0.5285515785217285
  ],
  "mae_history": [
    1.1777609586715698,
    1.115455985069275,
    1.0611129999160767,
    1.0185898542404175,
    0.970069944858551,
    0.9415968060493469,
    0.8970434665679932,
    0.891009509563446,
    0.8516672253608704,
    0.8407078385353088,
    0.8186420798301697,
    0.797468364238739,
    0.7743391394615173,
    0.7628581523895264,
    0.7471132278442383,
    0.7255205512046814,
    0.7213931083679199,
    0.6939542889595032,
    0.7284675240516663,
    0.6698164939880371,
    0.6856212019920349,
    0.6809947490692139,
    0.6479448080062866,
    0.652567446231842,
    0.6608490943908691,
    0.6051408648490906,
    0.6169739365577698,
    0.635036051273346,
    0.6365843415260315,
    0.681952953338623,
    0.6300023198127747,
    0.5966644287109375,
    0.5989189743995667,
    0.6182981133460999,
    0.6266632676124573,
    0.6203855872154236,
    0.6260477900505066,
    0.6124590039253235,
    0.6064097881317139,
    0.6084856986999512,
    0.6267016530036926,
    0.574343204498291,
    0.60672527551651,
    0.5822415947914124,
    0.6185292601585388,
    0.6797871589660645,
    0.5840755105018616,
    0.6079059839248657,
    0.560225784778595,
    0.569242537021637
  ]
}