{
  "loss_mean": 0.9525650358200073,
  "loss_last": 0.887837827205658,
  "mae_mean": 0.7784661233425141,
  "runtime_seconds": 3.736312708002515,
  "status": "ok",
  "num_steps": 50,
  "epochs": 1,
  "steps_per_second": 13.382177539077208,
  "images_per_second": 428.22968125047066,
  "runtime_per_epoch": 3.736312708002515,
  "loss_initial": 1.0142544507980347,
  "loss_final": 0.887837827205658,
  "loss_drop": 0.1264166235923767,
  "loss_drop_per_second": 0.03383459401607763,
  "loss_threshold": null,
  "loss_threshold_steps": null,
  "loss_threshold_time": null,
  "loss_history": [
    1.0142544507980347,
    1.0051207542419434,
    1.016031265258789,
    0.9999147057533264,
    0.9929220676422119,
    0.994053304195404,
    0.9926993250846863,
    0.9878222346305847,
    0.979572057723999,
    0.9776577949523926,
    0.9900873303413391,
    0.9864351749420166,
    0.9787301421165466,
    0.9690313339233398,
    0.9818785786628723,
    0.9811010360717773,
    0.9685105681419373,
    0.9662205576896667,
    0.9689304828643799,
    0.973006546497345,
    0.968059241771698,
    0.9634942412376404,
    0.9511332511901855,
    0.9532390236854553,
    0.9573490023612976,
    0.9560162425041199,
    0.9460468888282776,
    0.9512310028076172,
    0.9412024617195129,
    0.9478311538696289,
    0.9601061940193176,
    0.9291011691093445,
    0.9452981948852539,
    0.9373431205749512,
    0.932938814163208,
    0.915471613407135,
    0.9277761578559875,
    0.9219507575035095,
    0.9409516453742981,
    0.9328500628471375,
    0.9240870475769043,
    0.9121724963188171,
    0.9049991965293884,
    0.9020559191703796,
    0.899010956287384,
    0.9032142162322998,
    0.8859601020812988,
    0.9160215258598328,
    0.8895225524902344,
    0.887837827205658
  ],
  "mae_history": [
    0.8047048449516296,
    0.7997542023658752,
    0.804595410823822,
    0.7970842719078064,
    0.7943065762519836,
    0.7954626083374023,
    0.7945314049720764,
    0.7929351329803467,
    0.7911252975463867,
    0.7891198992729187,
    0.7930411696434021,
    0.7916879653930664,
    0.7895088195800781,
    0.7860024571418762,
    0.7904951572418213,
    0.7912464737892151,
    0.7852088809013367,
    0.7843475341796875,
    0.7858560681343079,
    0.7870226502418518,
    0.7849778532981873,
    0.7844181060791016,
    0.7773005366325378,
    0.7785747051239014,
    0.780247151851654,
    0.7796033024787903,
    0.7770763039588928,
    0.778225839138031,
    0.7743608355522156,
    0.7771430015563965,
    0.7812287211418152,
    0.7693857550621033,
    0.7757499814033508,
    0.7717890739440918,
    0.7705246806144714,
    0.7628857493400574,
    0.768852710723877,
    0.765547513961792,
    0.7733726501464844,
    0.7698192596435547,
    0.7657322883605957,
    0.7628998756408691,
    0.7582051157951355,
    0.756818950176239,
    0.7564581036567688,
    0.757584273815155,
    0.7506880760192871,
    0.7630383968353271,
    0.7515363097190857,
    0.7512242197990417
  ]
}