{
  "loss_mean": 1.0058964639902115,
  "loss_last": 0.9484043121337891,
  "mae_mean": 0.7997962832450867,
  "runtime_seconds": 0.7749811249086633,
  "status": "ok",
  "num_steps": 16,
  "epochs": 2,
  "steps_per_second": 20.645664114575315,
  "images_per_second": 660.6612516664101,
  "runtime_per_epoch": 0.38749056245433167,
  "loss_initial": 1.0887964963912964,
  "loss_final": 0.9484043121337891,
  "loss_drop": 0.14039218425750732,
  "loss_drop_per_second": 0.18115561753075402,
  "loss_threshold": null,
  "loss_threshold_steps": null,
  "loss_threshold_time": null,
  "loss_history": [
    1.0887964963912964,
    1.0523886680603027,
    1.0695081949234009,
    1.0131012201309204,
    1.0327194929122925,
    1.0167478322982788,
    1.00570809841156,
    0.9889844059944153,
    0.9891881346702576,
    1.0022956132888794,
    0.9632154107093811,
    0.9766948819160461,
    0.9862174987792969,
    0.9854875206947327,
    0.9748856425285339,
    0.9484043121337891
  ],
  "mae_history": [
    0.8319150805473328,
    0.8203698992729187,
    0.8259303569793701,
    0.802094042301178,
    0.8101846575737,
    0.8060267567634583,
    0.7998027205467224,
    0.7899788022041321,
    0.793825626373291,
    0.798403263092041,
    0.7822635173797607,
    0.787950336933136,
    0.7926206588745117,
    0.7920441627502441,
    0.7880911827087402,
    0.7752394676208496
  ],
  "spectral_calls": 0.0,
  "spectral_time_seconds": 0.0,
  "spectral_cpu_time_seconds": 0.0,
  "spectral_cuda_time_seconds": 0.0
}