{
  "loss_mean": 0.7489489614963531,
  "loss_last": 0.52840256690979,
  "mae_mean": 0.6837306241194407,
  "runtime_seconds": 24.42558433394879,
  "status": "ok",
  "num_steps": 30,
  "epochs": 3,
  "steps_per_second": 1.2282203606610713,
  "images_per_second": 78.60610308230856,
  "runtime_per_epoch": 8.141861444649598,
  "loss_initial": 1.1144944429397583,
  "loss_final": 0.52840256690979,
  "loss_drop": 0.5860918760299683,
  "loss_drop_per_second": 0.02399499917860172,
  "loss_threshold": null,
  "loss_threshold_steps": null,
  "loss_threshold_time": null,
  "loss_history": [
    1.1144944429397583,
    1.0250035524368286,
    0.9927994608879089,
    0.9679952263832092,
    0.9544737935066223,
    0.9177277088165283,
    0.888882577419281,
    0.8871693015098572,
    0.8550017476081848,
    0.8610427379608154,
    0.8177977204322815,
    0.7966356873512268,
    0.7581623196601868,
    0.763098955154419,
    0.7380166053771973,
    0.7154855132102966,
    0.7161402106285095,
    0.6648150086402893,
    0.6666215062141418,
    0.6610726714134216,
    0.6191332936286926,
    0.5951033234596252,
    0.6293871998786926,
    0.5913282036781311,
    0.5624672770500183,
    0.5659342408180237,
    0.5451169610023499,
    0.5332242250442505,
    0.5359348058700562,
    0.52840256690979
  ],
  "mae_history": [
    0.8430361747741699,
    0.8076620101928711,
    0.7938329577445984,
    0.7849650382995605,
    0.7790244221687317,
    0.763532817363739,
    0.751990020275116,
    0.7507364153862,
    0.7375051379203796,
    0.7391485571861267,
    0.7195673584938049,
    0.710902988910675,
    0.6936882138252258,
    0.6948631405830383,
    0.68194979429245,
    0.6722207069396973,
    0.672772228717804,
    0.6480638980865479,
    0.6477701663970947,
    0.6448561549186707,
    0.6242300868034363,
    0.6119194626808167,
    0.626979410648346,
    0.6085108518600464,
    0.594103991985321,
    0.5954815745353699,
    0.584138810634613,
    0.5774553418159485,
    0.5773829817771912,
    0.5736280083656311
  ],
  "spectral_calls": 0.0,
  "spectral_time_seconds": 0.0,
  "spectral_cpu_time_seconds": 0.0,
  "spectral_cuda_time_seconds": 0.0
}