{
  "loss_mean": 0.7236561546723048,
  "loss_last": 0.4962144196033478,
  "mae_mean": 0.6714020669460297,
  "runtime_seconds": 20.847742040990852,
  "status": "ok",
  "num_steps": 30,
  "epochs": 3,
  "steps_per_second": 1.4390047584536478,
  "images_per_second": 92.09630454103346,
  "runtime_per_epoch": 6.949247346996951,
  "loss_initial": 1.0864907503128052,
  "loss_final": 0.4962144196033478,
  "loss_drop": 0.5902763307094574,
  "loss_drop_per_second": 0.02831368162311561,
  "loss_threshold": null,
  "loss_threshold_steps": null,
  "loss_threshold_time": null,
  "loss_history": [
    1.0864907503128052,
    1.0359734296798706,
    0.9829768538475037,
    0.950084924697876,
    0.923961877822876,
    0.8955044150352478,
    0.8860154151916504,
    0.8538150191307068,
    0.8513895869255066,
    0.8302637934684753,
    0.8008372187614441,
    0.781832218170166,
    0.761684238910675,
    0.7403501868247986,
    0.701438844203949,
    0.7048072814941406,
    0.6617258191108704,
    0.6423851847648621,
    0.6151066422462463,
    0.6350951790809631,
    0.5993977189064026,
    0.5976855158805847,
    0.5571046471595764,
    0.573681116104126,
    0.5282893776893616,
    0.5071315169334412,
    0.508478581905365,
    0.5106478333473206,
    0.4893150329589844,
    0.4962144196033478
  ],
  "mae_history": [
    0.8303213715553284,
    0.8129428029060364,
    0.7903609275817871,
    0.7774344086647034,
    0.7671749591827393,
    0.7543129920959473,
    0.7502176761627197,
    0.7361963391304016,
    0.735596239566803,
    0.7265170216560364,
    0.7130775451660156,
    0.7040493488311768,
    0.6946136355400085,
    0.6843883991241455,
    0.6663141846656799,
    0.6683524250984192,
    0.6466829776763916,
    0.6373688578605652,
    0.6236652731895447,
    0.631223201751709,
    0.6139695048332214,
    0.6123669147491455,
    0.5918900966644287,
    0.5991179943084717,
    0.5762134790420532,
    0.5644267201423645,
    0.5639790892601013,
    0.5635761618614197,
    0.5516847968101501,
    0.5540266633033752
  ],
  "spectral_calls": 0.0,
  "spectral_time_seconds": 0.0,
  "spectral_cpu_time_seconds": 0.0,
  "spectral_cuda_time_seconds": 0.0
}