{
  "loss_mean": 1.1085174202919006,
  "loss_last": 1.0054583549499512,
  "mae_mean": 0.8338460528850555,
  "runtime_seconds": 117.02893391693942,
  "status": "ok",
  "num_steps": 50,
  "epochs": 1,
  "steps_per_second": 0.42724477038718645,
  "images_per_second": 13.671832652389966,
  "runtime_per_epoch": 117.02893391693942,
  "loss_initial": 2.245671033859253,
  "loss_final": 1.0054583549499512,
  "loss_drop": 1.2402126789093018,
  "loss_drop_per_second": 0.010597487624637641,
  "loss_threshold": null,
  "loss_threshold_steps": null,
  "loss_threshold_time": null,
  "loss_history": [
    2.245671033859253,
    1.821527123451233,
    1.553426742553711,
    1.4261375665664673,
    1.2996890544891357,
    1.2103103399276733,
    1.1663225889205933,
    1.1592305898666382,
    1.127329707145691,
    1.1149837970733643,
    1.0969079732894897,
    1.082282304763794,
    1.0894951820373535,
    1.0762461423873901,
    1.0522634983062744,
    1.0608831644058228,
    1.0534818172454834,
    1.052955985069275,
    1.0567599534988403,
    1.0518510341644287,
    1.032375693321228,
    1.0427918434143066,
    1.0317108631134033,
    1.0376137495040894,
    1.0316863059997559,
    1.029252529144287,
    1.0325032472610474,
    1.031499981880188,
    1.0246397256851196,
    1.028163194656372,
    1.0167020559310913,
    1.0131009817123413,
    1.0168505907058716,
    1.0155693292617798,
    1.027786374092102,
    1.0206354856491089,
    1.0182703733444214,
    1.0220859050750732,
    1.0142359733581543,
    1.0207513570785522,
    1.0131330490112305,
    1.0137290954589844,
    1.0158571004867554,
    1.0066282749176025,
    1.0168894529342651,
    1.0188337564468384,
    1.020477533340454,
    1.0057450532913208,
    1.0031381845474243,
    1.0054583549499512
  ],
  "mae_history": [
    1.1464314460754395,
    1.0454617738723755,
    0.9811703562736511,
    0.9366404414176941,
    0.8983978629112244,
    0.8738757967948914,
    0.8589544296264648,
    0.8541197776794434,
    0.8447673916816711,
    0.8410746455192566,
    0.834001362323761,
    0.8290000557899475,
    0.8313416838645935,
    0.8261870741844177,
    0.8171876072883606,
    0.8212117552757263,
    0.8188943862915039,
    0.8170949816703796,
    0.8189522624015808,
    0.8183909058570862,
    0.8093563914299011,
    0.8155006766319275,
    0.8097421526908875,
    0.812863826751709,
    0.8099668622016907,
    0.807581901550293,
    0.8100566864013672,
    0.8104907870292664,
    0.8082561492919922,
    0.8087856769561768,
    0.8030905723571777,
    0.8024613261222839,
    0.8039450645446777,
    0.8034239411354065,
    0.809859573841095,
    0.8062512278556824,
    0.8050468564033508,
    0.8073897957801819,
    0.8036807179450989,
    0.8054311275482178,
    0.8036465644836426,
    0.8043381571769714,
    0.8033831715583801,
    0.799542248249054,
    0.8046258091926575,
    0.8053324818611145,
    0.806082546710968,
    0.7994926571846008,
    0.7983723282814026,
    0.8011493682861328
  ]
}