{
  "loss_mean": 0.722228800257047,
  "loss_last": 0.4503292739391327,
  "mae_mean": 0.6688564022382101,
  "runtime_seconds": 21.409448583959602,
  "status": "ok",
  "num_steps": 30,
  "epochs": 3,
  "steps_per_second": 1.401250475104558,
  "images_per_second": 89.68003040669171,
  "runtime_per_epoch": 7.136482861319867,
  "loss_initial": 1.1270618438720703,
  "loss_final": 0.4503292739391327,
  "loss_drop": 0.6767325699329376,
  "loss_drop_per_second": 0.03160906117124191,
  "loss_threshold": null,
  "loss_threshold_steps": null,
  "loss_threshold_time": null,
  "loss_history": [
    1.1270618438720703,
    1.0481369495391846,
    1.023667812347412,
    0.9889585375785828,
    0.9518794417381287,
    0.9284293055534363,
    0.9065812230110168,
    0.869472324848175,
    0.8502083420753479,
    0.8111000657081604,
    0.8044330477714539,
    0.7708023190498352,
    0.7595399022102356,
    0.7222825884819031,
    0.7176545262336731,
    0.669033944606781,
    0.6593060493469238,
    0.6377716660499573,
    0.6366584897041321,
    0.6158251762390137,
    0.5686147212982178,
    0.5675280094146729,
    0.5559199452400208,
    0.5125601291656494,
    0.5258061289787292,
    0.5527549386024475,
    0.497814804315567,
    0.47894367575645447,
    0.4577888250350952,
    0.4503292739391327
  ],
  "mae_history": [
    0.847247302532196,
    0.8156260848045349,
    0.8071902394294739,
    0.793443500995636,
    0.7785189747810364,
    0.7682411670684814,
    0.7593089938163757,
    0.7433138489723206,
    0.7349274754524231,
    0.7180290222167969,
    0.7138962745666504,
    0.6989350318908691,
    0.69346684217453,
    0.6754385828971863,
    0.672967255115509,
    0.6501852869987488,
    0.6449748873710632,
    0.6333961486816406,
    0.6315379738807678,
    0.6217641234397888,
    0.5970081686973572,
    0.5956361889839172,
    0.5881157517433167,
    0.5663678050041199,
    0.5734320282936096,
    0.5829324126243591,
    0.5553659796714783,
    0.5439292788505554,
    0.5322306752204895,
    0.5282647609710693
  ],
  "spectral_calls": 0.0,
  "spectral_time_seconds": 0.0,
  "spectral_cpu_time_seconds": 0.0,
  "spectral_cuda_time_seconds": 0.0
}