{
  "loss_mean": 0.7477257887522379,
  "loss_last": 0.49308130145072937,
  "mae_mean": 0.6822247942288716,
  "runtime_seconds": 20.84085004206281,
  "status": "ok",
  "num_steps": 30,
  "epochs": 3,
  "steps_per_second": 1.4394806324814677,
  "images_per_second": 92.12676047881394,
  "runtime_per_epoch": 6.9469500140209375,
  "loss_initial": 1.0988043546676636,
  "loss_final": 0.49308130145072937,
  "loss_drop": 0.6057230532169342,
  "loss_drop_per_second": 0.029064220125110608,
  "loss_threshold": null,
  "loss_threshold_steps": null,
  "loss_threshold_time": null,
  "loss_history": [
    1.0988043546676636,
    1.0586330890655518,
    1.017661452293396,
    0.9883570671081543,
    0.9643567204475403,
    0.9400105476379395,
    0.9121487140655518,
    0.903639018535614,
    0.8643620014190674,
    0.8440442681312561,
    0.8425624966621399,
    0.8009986877441406,
    0.7899392247200012,
    0.7727603316307068,
    0.7194940447807312,
    0.712010383605957,
    0.6759187579154968,
    0.6835253834724426,
    0.6503662467002869,
    0.6359063982963562,
    0.6264354586601257,
    0.6166435480117798,
    0.5894083380699158,
    0.569521963596344,
    0.5749748349189758,
    0.5609431862831116,
    0.5302135348320007,
    0.4916450083255768,
    0.5034072995185852,
    0.49308130145072937
  ],
  "mae_history": [
    0.8357096314430237,
    0.820522129535675,
    0.8055287003517151,
    0.7928543090820312,
    0.7836758494377136,
    0.7735611796379089,
    0.7616372108459473,
    0.757712185382843,
    0.7419041991233826,
    0.7324566841125488,
    0.7314673066139221,
    0.7124693989753723,
    0.7073877453804016,
    0.6998403072357178,
    0.67511385679245,
    0.6702074408531189,
    0.6543410420417786,
    0.6566060185432434,
    0.6406927704811096,
    0.6319012641906738,
    0.626556396484375,
    0.6218095421791077,
    0.6077218651771545,
    0.5969892144203186,
    0.5981266498565674,
    0.5899928212165833,
    0.5745266079902649,
    0.5532646775245667,
    0.559413731098175,
    0.5527530908584595
  ],
  "spectral_calls": 0.0,
  "spectral_time_seconds": 0.0,
  "spectral_cpu_time_seconds": 0.0,
  "spectral_cuda_time_seconds": 0.0
}