{
  "loss_mean": 0.7188251376152038,
  "loss_last": 0.46623364090919495,
  "mae_mean": 0.6687080144882203,
  "runtime_seconds": 20.77084683405701,
  "status": "ok",
  "num_steps": 30,
  "epochs": 3,
  "steps_per_second": 1.4443320602032637,
  "images_per_second": 92.43725185300887,
  "runtime_per_epoch": 6.923615611352337,
  "loss_initial": 1.0730599164962769,
  "loss_final": 0.46623364090919495,
  "loss_drop": 0.6068262755870819,
  "loss_drop_per_second": 0.029215288160138783,
  "loss_threshold": null,
  "loss_threshold_steps": null,
  "loss_threshold_time": null,
  "loss_history": [
    1.0730599164962769,
    1.0113003253936768,
    0.977358341217041,
    0.9537005424499512,
    0.9273650050163269,
    0.9118703007698059,
    0.8900136351585388,
    0.8559145331382751,
    0.8332553505897522,
    0.8046852946281433,
    0.7980563044548035,
    0.7909480929374695,
    0.7456862330436707,
    0.7278897166252136,
    0.7189380526542664,
    0.6708027720451355,
    0.67946457862854,
    0.6464913487434387,
    0.617006778717041,
    0.6113941073417664,
    0.6173264384269714,
    0.5942121148109436,
    0.5615509152412415,
    0.5366354584693909,
    0.544161319732666,
    0.5285531282424927,
    0.4993327558040619,
    0.4857053756713867,
    0.4858417510986328,
    0.46623364090919495
  ],
  "mae_history": [
    0.8256848454475403,
    0.8011640906333923,
    0.789027750492096,
    0.7785981297492981,
    0.767883837223053,
    0.7611522674560547,
    0.7522096037864685,
    0.7374476790428162,
    0.7273610234260559,
    0.7146124839782715,
    0.711152970790863,
    0.7072693705558777,
    0.6877476572990417,
    0.6788961291313171,
    0.6738550066947937,
    0.6511606574058533,
    0.6550536751747131,
    0.6384423971176147,
    0.6232450008392334,
    0.6199110150337219,
    0.6223705410957336,
    0.6102772355079651,
    0.5930975675582886,
    0.5790988206863403,
    0.5829407572746277,
    0.5738254189491272,
    0.5584361553192139,
    0.5508608222007751,
    0.5492197275161743,
    0.5392377972602844
  ],
  "spectral_calls": 0.0,
  "spectral_time_seconds": 0.0,
  "spectral_cpu_time_seconds": 0.0,
  "spectral_cuda_time_seconds": 0.0
}