{
  "loss_mean": 1.1085249590873718,
  "loss_last": 1.0054548978805542,
  "mae_mean": 0.8338474464416504,
  "runtime_seconds": 114.66781400004402,
  "status": "ok",
  "num_steps": 50,
  "epochs": 1,
  "steps_per_second": 0.4360421486711241,
  "images_per_second": 13.953348757475972,
  "runtime_per_epoch": 114.66781400004402,
  "loss_initial": 2.2456061840057373,
  "loss_final": 1.0054548978805542,
  "loss_drop": 1.240151286125183,
  "loss_drop_per_second": 0.010815164629585657,
  "loss_threshold": null,
  "loss_threshold_steps": null,
  "loss_threshold_time": null,
  "loss_history": [
    2.2456061840057373,
    1.821460247039795,
    1.553488850593567,
    1.426222801208496,
    1.2996959686279297,
    1.210314393043518,
    1.1663445234298706,
    1.159264087677002,
    1.1273536682128906,
    1.115017294883728,
    1.096909999847412,
    1.0822995901107788,
    1.089493989944458,
    1.076259970664978,
    1.0522851943969727,
    1.0609029531478882,
    1.0534988641738892,
    1.0529590845108032,
    1.0567525625228882,
    1.051857352256775,
    1.0323799848556519,
    1.0428012609481812,
    1.0317192077636719,
    1.0376315116882324,
    1.0316871404647827,
    1.0292495489120483,
    1.0325082540512085,
    1.0314923524856567,
    1.0246429443359375,
    1.0281873941421509,
    1.0167007446289062,
    1.0131038427352905,
    1.0168362855911255,
    1.0155893564224243,
    1.02777898311615,
    1.020641803741455,
    1.018275260925293,
    1.0220903158187866,
    1.0142574310302734,
    1.0207655429840088,
    1.0131206512451172,
    1.0137299299240112,
    1.0158690214157104,
    1.006648063659668,
    1.0169042348861694,
    1.01884126663208,
    1.0204694271087646,
    1.0057590007781982,
    1.003124713897705,
    1.0054548978805542
  ],
  "mae_history": [
    1.1463984251022339,
    1.0454357862472534,
    0.981198787689209,
    0.9366627335548401,
    0.8983981609344482,
    0.8738724589347839,
    0.8589591979980469,
    0.8541278839111328,
    0.8447750210762024,
    0.841082751750946,
    0.8339965343475342,
    0.8290031552314758,
    0.8313369750976562,
    0.8261878490447998,
    0.8171904683113098,
    0.821219265460968,
    0.8188995718955994,
    0.8170962333679199,
    0.8189504742622375,
    0.8183892369270325,
    0.8093579411506653,
    0.8155000805854797,
    0.8097466826438904,
    0.812873363494873,
    0.8099707961082458,
    0.8075801730155945,
    0.8100550174713135,
    0.8104848265647888,
    0.8082566261291504,
    0.8087952733039856,
    0.8030931353569031,
    0.8024641871452332,
    0.8039377331733704,
    0.8034321665763855,
    0.8098525404930115,
    0.8062546253204346,
    0.8050456047058105,
    0.8073922991752625,
    0.8036901950836182,
    0.8054378628730774,
    0.8036400675773621,
    0.804340660572052,
    0.8033890128135681,
    0.7995500564575195,
    0.8046331405639648,
    0.8053311705589294,
    0.8060765266418457,
    0.7994969487190247,
    0.7983641624450684,
    0.8011484742164612
  ]
}