{
  "loss_mean": 0.8050713618596395,
  "loss_last": 0.5473265051841736,
  "mae_mean": 0.7089945276578268,
  "runtime_seconds": 21.243004707968794,
  "status": "ok",
  "num_steps": 30,
  "epochs": 3,
  "steps_per_second": 1.4122295980448676,
  "images_per_second": 90.38269427487153,
  "runtime_per_epoch": 7.081001569322932,
  "loss_initial": 1.179831624031067,
  "loss_final": 0.5473265051841736,
  "loss_drop": 0.6325051188468933,
  "loss_drop_per_second": 0.029774748325015647,
  "loss_threshold": null,
  "loss_threshold_steps": null,
  "loss_threshold_time": null,
  "loss_history": [
    1.179831624031067,
    1.0828248262405396,
    1.0413318872451782,
    1.0253891944885254,
    0.9882246851921082,
    0.9775810241699219,
    0.9533360600471497,
    0.9405918121337891,
    0.9211236834526062,
    0.9097034335136414,
    0.8910452723503113,
    0.8740102648735046,
    0.8532164692878723,
    0.8334342837333679,
    0.8165814280509949,
    0.7873677611351013,
    0.7685732841491699,
    0.746891438961029,
    0.7344039082527161,
    0.7026931643486023,
    0.6915059089660645,
    0.6554330587387085,
    0.653139054775238,
    0.6204733848571777,
    0.6292416453361511,
    0.6355664134025574,
    0.5798152089118958,
    0.5780627131462097,
    0.5334214568138123,
    0.5473265051841736
  ],
  "mae_history": [
    0.8667767643928528,
    0.8297373652458191,
    0.8128491044044495,
    0.8068780899047852,
    0.7934419512748718,
    0.7883678078651428,
    0.7786922454833984,
    0.7737833857536316,
    0.7651433944702148,
    0.7606690526008606,
    0.7523112297058105,
    0.7449013590812683,
    0.7353434562683105,
    0.7267563939094543,
    0.7183974385261536,
    0.7054679989814758,
    0.6968291401863098,
    0.6866915822029114,
    0.6797102093696594,
    0.6650072932243347,
    0.6591930985450745,
    0.6412695050239563,
    0.6393135190010071,
    0.6235060691833496,
    0.6265309453010559,
    0.6302642822265625,
    0.6015854477882385,
    0.600092351436615,
    0.5774498581886292,
    0.5828754901885986
  ],
  "spectral_calls": 0.0,
  "spectral_time_seconds": 0.0,
  "spectral_cpu_time_seconds": 0.0,
  "spectral_cuda_time_seconds": 0.0
}