{
  "loss_mean": 0.8218352019786834,
  "loss_last": 0.5591846108436584,
  "mae_mean": 0.7177069743474325,
  "runtime_seconds": 25.3307202499127,
  "status": "ok",
  "num_steps": 30,
  "epochs": 3,
  "steps_per_second": 1.1843326878991287,
  "images_per_second": 75.79729202554424,
  "runtime_per_epoch": 8.443573416637568,
  "loss_initial": 1.1684364080429077,
  "loss_final": 0.5591846108436584,
  "loss_drop": 0.6092517971992493,
  "loss_drop_per_second": 0.02405189395281206,
  "loss_threshold": null,
  "loss_threshold_steps": null,
  "loss_threshold_time": null,
  "loss_history": [
    1.1684364080429077,
    1.0684936046600342,
    1.0361117124557495,
    1.0246062278747559,
    1.0005124807357788,
    0.9830469489097595,
    0.9693167805671692,
    0.9493125081062317,
    0.9377396702766418,
    0.9253895282745361,
    0.9021270871162415,
    0.8897188305854797,
    0.8764138221740723,
    0.8561570048332214,
    0.830312967300415,
    0.8213953971862793,
    0.8118279576301575,
    0.7783192992210388,
    0.734660804271698,
    0.7404584884643555,
    0.7125906348228455,
    0.7065159678459167,
    0.6838769912719727,
    0.6460526585578918,
    0.6594390869140625,
    0.621141791343689,
    0.6046757698059082,
    0.6067871451377869,
    0.550433874130249,
    0.5591846108436584
  ],
  "mae_history": [
    0.8597822189331055,
    0.8239803314208984,
    0.81246417760849,
    0.8073859214782715,
    0.797329843044281,
    0.7905557155609131,
    0.7850996851921082,
    0.7769827842712402,
    0.7729539275169373,
    0.7673549056053162,
    0.7577047348022461,
    0.7524827122688293,
    0.7471445202827454,
    0.7377424836158752,
    0.7267513871192932,
    0.722182035446167,
    0.7166054844856262,
    0.7021998763084412,
    0.6822950839996338,
    0.6837882995605469,
    0.6706518530845642,
    0.6668960452079773,
    0.6557276844978333,
    0.637937605381012,
    0.6433420777320862,
    0.6247076988220215,
    0.6161598563194275,
    0.615458071231842,
    0.586618959903717,
    0.5909232497215271
  ],
  "spectral_calls": 0.0,
  "spectral_time_seconds": 0.0,
  "spectral_cpu_time_seconds": 0.0,
  "spectral_cuda_time_seconds": 0.0
}