{
  "loss_mean": 0.7460873401165009,
  "loss_last": 0.4156581461429596,
  "mae_mean": 0.6509676647186279,
  "runtime_seconds": 103.85890408302657,
  "status": "ok",
  "num_steps": 50,
  "epochs": 1,
  "steps_per_second": 0.48142237241430114,
  "images_per_second": 15.405515917257636,
  "runtime_per_epoch": 103.85890408302657,
  "loss_initial": 2.239830732345581,
  "loss_final": 0.4156581461429596,
  "loss_drop": 1.8241725862026215,
  "loss_drop_per_second": 0.017563949882855947,
  "loss_threshold": null,
  "loss_threshold_steps": null,
  "loss_threshold_time": null,
  "loss_history": [
    2.239830732345581,
    2.014998435974121,
    1.8138970136642456,
    1.645666480064392,
    1.4403501749038696,
    1.3397045135498047,
    1.2253684997558594,
    1.1756986379623413,
    1.0746382474899292,
    1.0005841255187988,
    0.8808730244636536,
    0.8166415691375732,
    0.7738454341888428,
    0.7996339797973633,
    0.6731634736061096,
    0.64439457654953,
    0.6199108958244324,
    0.6031771302223206,
    0.7100860476493835,
    0.6471918225288391,
    0.5374593734741211,
    0.617094874382019,
    0.5829069018363953,
    0.6386227011680603,
    0.678007185459137,
    0.529315173625946,
    0.5407403111457825,
    0.4903677999973297,
    0.5148727297782898,
    0.4255990982055664,
    0.5590925812721252,
    0.5596534013748169,
    0.4818703234195709,
    0.4111889898777008,
    0.4244665801525116,
    0.5385144352912903,
    0.5105648636817932,
    0.4990530014038086,
    0.42801395058631897,
    0.4817606210708618,
    0.4097074270248413,
    0.5180874466896057,
    0.5630078315734863,
    0.4519091546535492,
    0.47507262229919434,
    0.4764251410961151,
    0.45399513840675354,
    0.4428788125514984,
    0.5088055729866028,
    0.4156581461429596
  ],
  "mae_history": [
    1.144769549369812,
    1.0851082801818848,
    1.0297025442123413,
    0.9850743412971497,
    0.9324684739112854,
    0.9001999497413635,
    0.8628914952278137,
    0.8467874526977539,
    0.811221182346344,
    0.7875210642814636,
    0.7416520118713379,
    0.7132589817047119,
    0.6915982365608215,
    0.7051365971565247,
    0.644791841506958,
    0.6316112875938416,
    0.619374692440033,
    0.6093412637710571,
    0.6629855036735535,
    0.6294260025024414,
    0.5747105479240417,
    0.6161206364631653,
    0.5999056100845337,
    0.6247680187225342,
    0.6476193070411682,
    0.5683332085609436,
    0.5725564360618591,
    0.5420908331871033,
    0.5623721480369568,
    0.508967399597168,
    0.5857014656066895,
    0.5820466876029968,
    0.5384809374809265,
    0.4990413188934326,
    0.5061144232749939,
    0.5692607760429382,
    0.5499215126037598,
    0.54788738489151,
    0.5075297951698303,
    0.5366808772087097,
    0.49068382382392883,
    0.5575873851776123,
    0.5774407982826233,
    0.5190374255180359,
    0.5340859889984131,
    0.5266649723052979,
    0.5155524611473083,
    0.5113897323608398,
    0.5518453121185303,
    0.4890652596950531
  ]
}