{
  "loss_mean": 0.8253229240576426,
  "loss_last": 0.5955512523651123,
  "mae_mean": 0.7194539566834768,
  "runtime_seconds": 21.15346312499605,
  "status": "ok",
  "num_steps": 30,
  "epochs": 3,
  "steps_per_second": 1.4182074974073826,
  "images_per_second": 90.76527983407249,
  "runtime_per_epoch": 7.051154374998684,
  "loss_initial": 1.2426618337631226,
  "loss_final": 0.5955512523651123,
  "loss_drop": 0.6471105813980103,
  "loss_drop_per_second": 0.03059123593967695,
  "loss_threshold": null,
  "loss_threshold_steps": null,
  "loss_threshold_time": null,
  "loss_history": [
    1.2426618337631226,
    1.1194586753845215,
    1.054949402809143,
    1.0297534465789795,
    1.0138846635818481,
    0.987610399723053,
    0.963962972164154,
    0.9449923634529114,
    0.9357598423957825,
    0.9119517803192139,
    0.8895604610443115,
    0.8858170509338379,
    0.864734411239624,
    0.8400392532348633,
    0.8180338740348816,
    0.8017427921295166,
    0.8022932410240173,
    0.7687578797340393,
    0.7412890791893005,
    0.7460023760795593,
    0.713240921497345,
    0.6885595321655273,
    0.6695030331611633,
    0.6623117923736572,
    0.6286723613739014,
    0.6139436960220337,
    0.6251230835914612,
    0.6012511849403381,
    0.5982750654220581,
    0.5955512523651123
  ],
  "mae_history": [
    0.8905515074729919,
    0.8439638018608093,
    0.8192022442817688,
    0.8089458346366882,
    0.8033927083015442,
    0.7920804023742676,
    0.7833113670349121,
    0.775015652179718,
    0.770852267742157,
    0.7615827918052673,
    0.7521913051605225,
    0.7503134608268738,
    0.7415235042572021,
    0.7300858497619629,
    0.7207822203636169,
    0.7128939628601074,
    0.7131754755973816,
    0.6970122456550598,
    0.684232234954834,
    0.6862503886222839,
    0.6720042824745178,
    0.6592847108840942,
    0.6500795483589172,
    0.6465112566947937,
    0.6305702328681946,
    0.6221186518669128,
    0.626911997795105,
    0.6153519749641418,
    0.6125651001930237,
    0.6108617186546326
  ],
  "spectral_calls": 0.0,
  "spectral_time_seconds": 0.0,
  "spectral_cpu_time_seconds": 0.0,
  "spectral_cuda_time_seconds": 0.0
}