{
  "loss_mean": 0.7466540267070134,
  "loss_last": 0.48887038230895996,
  "mae_mean": 0.6817483385403951,
  "runtime_seconds": 21.09280204109382,
  "status": "ok",
  "num_steps": 30,
  "epochs": 3,
  "steps_per_second": 1.4222861401511677,
  "images_per_second": 91.02631296967473,
  "runtime_per_epoch": 7.03093401369794,
  "loss_initial": 1.120867371559143,
  "loss_final": 0.48887038230895996,
  "loss_drop": 0.6319969892501831,
  "loss_drop_per_second": 0.029962685280926733,
  "loss_threshold": null,
  "loss_threshold_steps": null,
  "loss_threshold_time": null,
  "loss_history": [
    1.120867371559143,
    1.060749888420105,
    1.0134304761886597,
    0.9837095141410828,
    0.9589489102363586,
    0.9346904754638672,
    0.9108631014823914,
    0.8910725712776184,
    0.8621547818183899,
    0.8456525206565857,
    0.838224470615387,
    0.8007386326789856,
    0.7873795628547668,
    0.7414669990539551,
    0.7687244415283203,
    0.7300753593444824,
    0.6917772889137268,
    0.6822769045829773,
    0.688763439655304,
    0.6345793604850769,
    0.6221535205841064,
    0.5905470848083496,
    0.5910126566886902,
    0.5849432349205017,
    0.5705878734588623,
    0.5373018383979797,
    0.4949548542499542,
    0.4971090853214264,
    0.47599419951438904,
    0.48887038230895996
  ],
  "mae_history": [
    0.8445477485656738,
    0.8212388157844543,
    0.80279940366745,
    0.790496289730072,
    0.781435489654541,
    0.7711164951324463,
    0.7610735297203064,
    0.7528031468391418,
    0.7403385043144226,
    0.7324318885803223,
    0.7301365733146667,
    0.7126478552818298,
    0.7065003514289856,
    0.6855130791664124,
    0.6972520351409912,
    0.6799766421318054,
    0.6602581143379211,
    0.6557818055152893,
    0.6587279438972473,
    0.6325377821922302,
    0.6259536743164062,
    0.609321653842926,
    0.6079207062721252,
    0.6054757237434387,
    0.5969829559326172,
    0.5794017910957336,
    0.5573395490646362,
    0.5565930008888245,
    0.5443599820137024,
    0.5514876246452332
  ],
  "spectral_calls": 0.0,
  "spectral_time_seconds": 0.0,
  "spectral_cpu_time_seconds": 0.0,
  "spectral_cuda_time_seconds": 0.0
}