{
  "loss_mean": 0.7550367206335068,
  "loss_last": 0.46026208996772766,
  "mae_mean": 0.685443623860677,
  "runtime_seconds": 21.119890874950215,
  "status": "ok",
  "num_steps": 30,
  "epochs": 3,
  "steps_per_second": 1.4204618848472492,
  "images_per_second": 90.90956063022395,
  "runtime_per_epoch": 7.039963624983405,
  "loss_initial": 1.1010915040969849,
  "loss_final": 0.46026208996772766,
  "loss_drop": 0.6408294141292572,
  "loss_drop_per_second": 0.030342458581986767,
  "loss_threshold": null,
  "loss_threshold_steps": null,
  "loss_threshold_time": null,
  "loss_history": [
    1.1010915040969849,
    1.0375899076461792,
    1.016438603401184,
    0.9969088435173035,
    0.9700007438659668,
    0.9529869556427002,
    0.9305083155632019,
    0.9194888472557068,
    0.8946639895439148,
    0.8648309707641602,
    0.8539971709251404,
    0.8329774737358093,
    0.8141272068023682,
    0.7795095443725586,
    0.7624742388725281,
    0.7313115000724792,
    0.7250496745109558,
    0.6778640151023865,
    0.6801701188087463,
    0.6573121547698975,
    0.6257083415985107,
    0.6246046423912048,
    0.5936656594276428,
    0.5637640953063965,
    0.5362141132354736,
    0.5372057557106018,
    0.5438815951347351,
    0.49227967858314514,
    0.4742138683795929,
    0.46026208996772766
  ],
  "mae_history": [
    0.8369648456573486,
    0.8115357756614685,
    0.8038137555122375,
    0.7963259816169739,
    0.7853463292121887,
    0.7783640027046204,
    0.7692949175834656,
    0.7638239860534668,
    0.7532517313957214,
    0.7414484024047852,
    0.7362563014030457,
    0.7269845604896545,
    0.7186911702156067,
    0.7024703621864319,
    0.6949560046195984,
    0.6801608204841614,
    0.6771373748779297,
    0.6545520424842834,
    0.6551299691200256,
    0.6439334750175476,
    0.6272818446159363,
    0.626375675201416,
    0.6097439527511597,
    0.5948877334594727,
    0.5798525214195251,
    0.578707754611969,
    0.5817795395851135,
    0.5551186800003052,
    0.5439882874488831,
    0.5351309180259705
  ],
  "spectral_calls": 0.0,
  "spectral_time_seconds": 0.0,
  "spectral_cpu_time_seconds": 0.0,
  "spectral_cuda_time_seconds": 0.0
}