{
  "loss_mean": 0.7722180366516114,
  "loss_last": 0.5343043208122253,
  "mae_mean": 0.6948582112789154,
  "runtime_seconds": 20.918391125043854,
  "status": "ok",
  "num_steps": 30,
  "epochs": 3,
  "steps_per_second": 1.434144711257621,
  "images_per_second": 91.78526152048775,
  "runtime_per_epoch": 6.972797041681285,
  "loss_initial": 1.1642341613769531,
  "loss_final": 0.5343043208122253,
  "loss_drop": 0.6299298405647278,
  "loss_drop_per_second": 0.03011368497697536,
  "loss_threshold": null,
  "loss_threshold_steps": null,
  "loss_threshold_time": null,
  "loss_history": [
    1.1642341613769531,
    1.0779114961624146,
    1.0243984460830688,
    0.983593761920929,
    0.9440717101097107,
    0.9319755434989929,
    0.9008682370185852,
    0.8911038041114807,
    0.8859773278236389,
    0.8609848618507385,
    0.840966522693634,
    0.8263957500457764,
    0.8003246188163757,
    0.7814553380012512,
    0.7643458247184753,
    0.7562227249145508,
    0.7290999889373779,
    0.7072586417198181,
    0.6864863038063049,
    0.6685736775398254,
    0.6520557999610901,
    0.6521226763725281,
    0.6171459555625916,
    0.6005302667617798,
    0.6281421780586243,
    0.5816801190376282,
    0.5694699883460999,
    0.5641927123069763,
    0.540648341178894,
    0.5343043208122253
  ],
  "mae_history": [
    0.8610954880714417,
    0.829112708568573,
    0.8067087531089783,
    0.7910202145576477,
    0.7741885185241699,
    0.7702916264533997,
    0.7568817138671875,
    0.7514851689338684,
    0.7508630156517029,
    0.7386431694030762,
    0.7300346493721008,
    0.7244536280632019,
    0.7123029232025146,
    0.7041334509849548,
    0.6957166790962219,
    0.6917451024055481,
    0.6786220669746399,
    0.6685031056404114,
    0.6593356728553772,
    0.6494774222373962,
    0.6419899463653564,
    0.6399044394493103,
    0.623123824596405,
    0.6138728260993958,
    0.6267222762107849,
    0.6047093868255615,
    0.5980646014213562,
    0.594457745552063,
    0.5810895562171936,
    0.5771966576576233
  ],
  "spectral_calls": 0.0,
  "spectral_time_seconds": 0.0,
  "spectral_cpu_time_seconds": 0.0,
  "spectral_cuda_time_seconds": 0.0
}