{
  "loss_mean": 0.729370293021202,
  "loss_last": 0.4788620173931122,
  "mae_mean": 0.6737273832162222,
  "runtime_seconds": 24.219034209032543,
  "status": "ok",
  "num_steps": 30,
  "epochs": 3,
  "steps_per_second": 1.2386951412295142,
  "images_per_second": 79.27648903868891,
  "runtime_per_epoch": 8.073011403010847,
  "loss_initial": 1.08395516872406,
  "loss_final": 0.4788620173931122,
  "loss_drop": 0.6050931513309479,
  "loss_drop_per_second": 0.02498419821816334,
  "loss_threshold": null,
  "loss_threshold_steps": null,
  "loss_threshold_time": null,
  "loss_history": [
    1.08395516872406,
    1.0192853212356567,
    0.9892045855522156,
    0.958724319934845,
    0.928830623626709,
    0.920926570892334,
    0.8780351281166077,
    0.8672073483467102,
    0.8459317088127136,
    0.822519838809967,
    0.7882556319236755,
    0.7801952958106995,
    0.7761608958244324,
    0.7564343810081482,
    0.7323206067085266,
    0.6925445199012756,
    0.6778432726860046,
    0.6754441857337952,
    0.6399214863777161,
    0.6206274628639221,
    0.6026990413665771,
    0.5992807745933533,
    0.5647221207618713,
    0.5748810172080994,
    0.5378634333610535,
    0.5464804768562317,
    0.5125264525413513,
    0.5173795819282532,
    0.492045521736145,
    0.4788620173931122
  ],
  "mae_history": [
    0.8298757076263428,
    0.8052456378936768,
    0.7932735085487366,
    0.7801102995872498,
    0.7679017186164856,
    0.7653805613517761,
    0.7465530037879944,
    0.7427994608879089,
    0.7329859733581543,
    0.7230710983276367,
    0.7068799138069153,
    0.7026931643486023,
    0.700779139995575,
    0.6919814944267273,
    0.6800525784492493,
    0.6612383723258972,
    0.6542617082595825,
    0.651729166507721,
    0.6345255374908447,
    0.6236997246742249,
    0.615084171295166,
    0.612525224685669,
    0.5949100852012634,
    0.5992674231529236,
    0.5795099139213562,
    0.5834305286407471,
    0.5658566355705261,
    0.5667033791542053,
    0.5529387593269348,
    0.546557605266571
  ],
  "spectral_calls": 0.0,
  "spectral_time_seconds": 0.0,
  "spectral_cpu_time_seconds": 0.0,
  "spectral_cuda_time_seconds": 0.0
}