{
  "loss_mean": 0.7253828972578049,
  "loss_last": 0.47034671902656555,
  "mae_mean": 0.6709816952546438,
  "runtime_seconds": 21.2589240410598,
  "status": "ok",
  "num_steps": 30,
  "epochs": 3,
  "steps_per_second": 1.4111720772912852,
  "images_per_second": 90.31501294664226,
  "runtime_per_epoch": 7.0863080136866,
  "loss_initial": 1.1128755807876587,
  "loss_final": 0.47034671902656555,
  "loss_drop": 0.6425288617610931,
  "loss_drop_per_second": 0.030223959619033562,
  "loss_threshold": null,
  "loss_threshold_steps": null,
  "loss_threshold_time": null,
  "loss_history": [
    1.1128755807876587,
    1.0539188385009766,
    1.0143970251083374,
    0.9895232319831848,
    0.9565970301628113,
    0.9288308024406433,
    0.9072197079658508,
    0.8775321841239929,
    0.8512899875640869,
    0.829167902469635,
    0.7912653088569641,
    0.7730728983879089,
    0.7546786665916443,
    0.7661663889884949,
    0.6955471038818359,
    0.6824573874473572,
    0.6828190684318542,
    0.6449410319328308,
    0.6361427307128906,
    0.5904287695884705,
    0.5857807993888855,
    0.5552169680595398,
    0.5533850789070129,
    0.5551332831382751,
    0.5328764319419861,
    0.5090329051017761,
    0.5149738788604736,
    0.49117913842201233,
    0.4546900689601898,
    0.47034671902656555
  ],
  "mae_history": [
    0.8418593406677246,
    0.8190712928771973,
    0.8031949996948242,
    0.7942647933959961,
    0.7795884013175964,
    0.7689480781555176,
    0.7591738104820251,
    0.7468600273132324,
    0.7362816333770752,
    0.7252709865570068,
    0.708284318447113,
    0.6999737620353699,
    0.6902621388435364,
    0.6955716013908386,
    0.6631907820701599,
    0.6567276120185852,
    0.6560206413269043,
    0.6375677585601807,
    0.6323019862174988,
    0.6096906661987305,
    0.6063356399536133,
    0.5905415415763855,
    0.5889253616333008,
    0.5891016125679016,
    0.5771451592445374,
    0.563626766204834,
    0.565744936466217,
    0.5520856380462646,
    0.5323601365089417,
    0.5394794344902039
  ],
  "spectral_calls": 0.0,
  "spectral_time_seconds": 0.0,
  "spectral_cpu_time_seconds": 0.0,
  "spectral_cuda_time_seconds": 0.0
}