{
  "loss_mean": 0.7279128660758336,
  "loss_last": 0.4990798532962799,
  "mae_mean": 0.6731621980667114,
  "runtime_seconds": 20.86928562493995,
  "status": "ok",
  "num_steps": 30,
  "epochs": 3,
  "steps_per_second": 1.4375192586443086,
  "images_per_second": 92.00123255323575,
  "runtime_per_epoch": 6.956428541646649,
  "loss_initial": 1.069301962852478,
  "loss_final": 0.4990798532962799,
  "loss_drop": 0.5702221095561981,
  "loss_drop_per_second": 0.027323508806393986,
  "loss_threshold": null,
  "loss_threshold_steps": null,
  "loss_threshold_time": null,
  "loss_history": [
    1.069301962852478,
    0.9976946711540222,
    0.9727270603179932,
    0.938457190990448,
    0.9297779202461243,
    0.9043235778808594,
    0.8751709461212158,
    0.8566882014274597,
    0.8360347747802734,
    0.8218366503715515,
    0.7931444048881531,
    0.7801516652107239,
    0.7587685585021973,
    0.7343297004699707,
    0.7168517112731934,
    0.6911092400550842,
    0.6823940277099609,
    0.6427235007286072,
    0.6579158902168274,
    0.6123065948486328,
    0.6152072548866272,
    0.6127035617828369,
    0.5949625372886658,
    0.5704212188720703,
    0.5627532005310059,
    0.5410531163215637,
    0.5316548347473145,
    0.5298365950584412,
    0.5080055594444275,
    0.4990798532962799
  ],
  "mae_history": [
    0.8260405659675598,
    0.7972351908683777,
    0.7865532040596008,
    0.7727267146110535,
    0.769331157207489,
    0.7583913207054138,
    0.7459381222724915,
    0.7380384802818298,
    0.728912353515625,
    0.72196364402771,
    0.7091396450996399,
    0.7025130391120911,
    0.6917710304260254,
    0.6804780960083008,
    0.6720331311225891,
    0.6599977016448975,
    0.6548381447792053,
    0.6350887417793274,
    0.6430220007896423,
    0.6195875406265259,
    0.6203815937042236,
    0.6184795498847961,
    0.609050989151001,
    0.5959585905075073,
    0.591951847076416,
    0.5800299048423767,
    0.5744038820266724,
    0.5736855864524841,
    0.5598919987678528,
    0.5574321746826172
  ],
  "spectral_calls": 0.0,
  "spectral_time_seconds": 0.0,
  "spectral_cpu_time_seconds": 0.0,
  "spectral_cuda_time_seconds": 0.0
}