{
  "loss_mean": 1.131435513496399,
  "loss_last": 1.095123291015625,
  "mae_mean": 0.8485641678174337,
  "runtime_seconds": 0.49767262500245124,
  "status": "ok",
  "num_steps": 3,
  "epochs": 1,
  "steps_per_second": 6.028059108103895,
  "images_per_second": 192.89789145932463,
  "runtime_per_epoch": 0.49767262500245124,
  "loss_initial": 1.1734205484390259,
  "loss_final": 1.095123291015625,
  "loss_drop": 0.07829725742340088,
  "loss_drop_per_second": 0.15732683191689564,
  "loss_threshold": null,
  "loss_threshold_steps": null,
  "loss_threshold_time": null,
  "loss_history": [
    1.1734205484390259,
    1.125762701034546,
    1.095123291015625
  ],
  "mae_history": [
    0.8655425906181335,
    0.8447986245155334,
    0.835351288318634
  ],
  "spectral_calls": 0.0,
  "spectral_time_seconds": 0.0,
  "spectral_cpu_time_seconds": 0.0,
  "spectral_cuda_time_seconds": 0.0
}