{
  "loss_mean": 0.776459934314092,
  "loss_last": 0.4932987689971924,
  "mae_mean": 0.6967871765295665,
  "runtime_seconds": 21.640966042061336,
  "status": "ok",
  "num_steps": 30,
  "epochs": 3,
  "steps_per_second": 1.3862597419030214,
  "images_per_second": 88.72062348179337,
  "runtime_per_epoch": 7.213655347353779,
  "loss_initial": 1.101681113243103,
  "loss_final": 0.4932987689971924,
  "loss_drop": 0.6083823442459106,
  "loss_drop_per_second": 0.028112531717089707,
  "loss_threshold": null,
  "loss_threshold_steps": null,
  "loss_threshold_time": null,
  "loss_history": [
    1.101681113243103,
    1.0472619533538818,
    1.0115636587142944,
    0.9955766797065735,
    0.9730944037437439,
    0.9544250965118408,
    0.9453800320625305,
    0.9195974469184875,
    0.9127170443534851,
    0.8800013065338135,
    0.8736550211906433,
    0.8550501465797424,
    0.8319048285484314,
    0.7935706973075867,
    0.7897171974182129,
    0.7620461583137512,
    0.7362702488899231,
    0.7276487946510315,
    0.6981785893440247,
    0.6901324391365051,
    0.6618222594261169,
    0.6234431862831116,
    0.6013643145561218,
    0.6272501945495605,
    0.5848119854927063,
    0.5551530718803406,
    0.5792335867881775,
    0.542280912399292,
    0.5256668925285339,
    0.4932987689971924
  ],
  "mae_history": [
    0.8376984596252441,
    0.816432774066925,
    0.803116500377655,
    0.7958843111991882,
    0.7872826457023621,
    0.7795319557189941,
    0.7760544419288635,
    0.7653711438179016,
    0.7627127766609192,
    0.7480811476707458,
    0.7455039024353027,
    0.7379619479179382,
    0.7264955639839172,
    0.7097472548484802,
    0.7078803181648254,
    0.6947040557861328,
    0.6831052303314209,
    0.6783254742622375,
    0.6636128425598145,
    0.6599574089050293,
    0.6455439925193787,
    0.626808762550354,
    0.6160535216331482,
    0.6269353032112122,
    0.6062516570091248,
    0.5908742547035217,
    0.602180004119873,
    0.5815436244010925,
    0.5729954838752747,
    0.554968535900116
  ],
  "spectral_calls": 0.0,
  "spectral_time_seconds": 0.0,
  "spectral_cpu_time_seconds": 0.0,
  "spectral_cuda_time_seconds": 0.0
}