{
  "loss_mean": 0.7484891434510549,
  "loss_last": 0.5001280903816223,
  "mae_mean": 0.6827800512313843,
  "runtime_seconds": 20.721697874949314,
  "status": "ok",
  "num_steps": 30,
  "epochs": 3,
  "steps_per_second": 1.4477578131407527,
  "images_per_second": 92.65650004100817,
  "runtime_per_epoch": 6.907232624983105,
  "loss_initial": 1.1010593175888062,
  "loss_final": 0.5001280903816223,
  "loss_drop": 0.6009312272071838,
  "loss_drop_per_second": 0.029000095978315373,
  "loss_threshold": null,
  "loss_threshold_steps": null,
  "loss_threshold_time": null,
  "loss_history": [
    1.1010593175888062,
    1.050454020500183,
    1.0168663263320923,
    0.9889853596687317,
    0.9655721187591553,
    0.9424768090248108,
    0.9192445874214172,
    0.9046050906181335,
    0.8803327679634094,
    0.8517723083496094,
    0.8450673222541809,
    0.7981131672859192,
    0.7817962169647217,
    0.7711372375488281,
    0.7429202198982239,
    0.7192139029502869,
    0.707470715045929,
    0.6839534640312195,
    0.6480162739753723,
    0.6326777338981628,
    0.6163883805274963,
    0.6069095730781555,
    0.5758350491523743,
    0.5649042725563049,
    0.5750031471252441,
    0.5525116324424744,
    0.5207464098930359,
    0.5001994967460632,
    0.4903132915496826,
    0.5001280903816223
  ],
  "mae_history": [
    0.83663010597229,
    0.817502498626709,
    0.8040935397148132,
    0.7934687733650208,
    0.7841169834136963,
    0.7745916247367859,
    0.764288604259491,
    0.7577654719352722,
    0.7481679916381836,
    0.7354853749275208,
    0.7321626543998718,
    0.711865246295929,
    0.7031131386756897,
    0.6990486979484558,
    0.6854875683784485,
    0.6740965843200684,
    0.668219268321991,
    0.6565758585929871,
    0.639445424079895,
    0.631809413433075,
    0.6228564381599426,
    0.617415726184845,
    0.6025010943412781,
    0.5949080586433411,
    0.599283754825592,
    0.5876931548118591,
    0.5718481540679932,
    0.5595627427101135,
    0.5527322292327881,
    0.5566653609275818
  ],
  "spectral_calls": 0.0,
  "spectral_time_seconds": 0.0,
  "spectral_cpu_time_seconds": 0.0,
  "spectral_cuda_time_seconds": 0.0
}