{
  "loss_mean": 0.7890139202276866,
  "loss_last": 0.5382847189903259,
  "mae_mean": 0.7026486059029897,
  "runtime_seconds": 21.40451095800381,
  "status": "ok",
  "num_steps": 30,
  "epochs": 3,
  "steps_per_second": 1.4015737177485976,
  "images_per_second": 89.70071793591025,
  "runtime_per_epoch": 7.134836986001271,
  "loss_initial": 1.1345196962356567,
  "loss_final": 0.5382847189903259,
  "loss_drop": 0.5962349772453308,
  "loss_drop_per_second": 0.027855575790316296,
  "loss_threshold": null,
  "loss_threshold_steps": null,
  "loss_threshold_time": null,
  "loss_history": [
    1.1345196962356567,
    1.0515373945236206,
    1.010892391204834,
    1.001710295677185,
    0.9783205986022949,
    0.968181312084198,
    0.9340518116950989,
    0.9210395812988281,
    0.8993706107139587,
    0.8962013125419617,
    0.8739404678344727,
    0.8475196957588196,
    0.8252914547920227,
    0.8223293423652649,
    0.8045398592948914,
    0.7583958506584167,
    0.761045515537262,
    0.7399848103523254,
    0.7081623673439026,
    0.6973269581794739,
    0.6782219409942627,
    0.653107225894928,
    0.6238495707511902,
    0.6487264633178711,
    0.6210193634033203,
    0.5916822552680969,
    0.5959572792053223,
    0.5467507243156433,
    0.5384567379951477,
    0.5382847189903259
  ],
  "mae_history": [
    0.8488917350769043,
    0.8180641531944275,
    0.801928699016571,
    0.799208402633667,
    0.7883507609367371,
    0.7841439247131348,
    0.7704575657844543,
    0.7651042938232422,
    0.75625079870224,
    0.7553720474243164,
    0.7455768585205078,
    0.7325779795646667,
    0.7243163585662842,
    0.7217061519622803,
    0.7141478657722473,
    0.6939084529876709,
    0.6930866837501526,
    0.6832954287528992,
    0.6690147519111633,
    0.6635518670082092,
    0.6543166041374207,
    0.6411570906639099,
    0.6263037323951721,
    0.6378741264343262,
    0.6241334080696106,
    0.6091175675392151,
    0.6108942627906799,
    0.5862227082252502,
    0.5802005529403687,
    0.5802833437919617
  ],
  "spectral_calls": 0.0,
  "spectral_time_seconds": 0.0,
  "spectral_cpu_time_seconds": 0.0,
  "spectral_cuda_time_seconds": 0.0
}