{
  "loss_mean": 0.7793264389038086,
  "loss_last": 0.5316271185874939,
  "mae_mean": 0.6981171329816183,
  "runtime_seconds": 25.4054865000071,
  "status": "ok",
  "num_steps": 30,
  "epochs": 3,
  "steps_per_second": 1.1808472945397686,
  "images_per_second": 75.57422685054519,
  "runtime_per_epoch": 8.468495500002367,
  "loss_initial": 1.1538194417953491,
  "loss_final": 0.5316271185874939,
  "loss_drop": 0.6221923232078552,
  "loss_drop_per_second": 0.02449047071811364,
  "loss_threshold": null,
  "loss_threshold_steps": null,
  "loss_threshold_time": null,
  "loss_history": [
    1.1538194417953491,
    1.067694067955017,
    1.0242270231246948,
    1.0058180093765259,
    0.9789711833000183,
    0.9663127064704895,
    0.936541736125946,
    0.9166863560676575,
    0.8900863528251648,
    0.8751433491706848,
    0.8719250559806824,
    0.8341862559318542,
    0.8174142837524414,
    0.7738888263702393,
    0.7755023837089539,
    0.7430655360221863,
    0.746281623840332,
    0.7273901104927063,
    0.6910822987556458,
    0.679006814956665,
    0.651738166809082,
    0.6267284750938416,
    0.6302372813224792,
    0.5971772074699402,
    0.6148815155029297,
    0.5732362866401672,
    0.5859038829803467,
    0.5544643998146057,
    0.5387554168701172,
    0.5316271185874939
  ],
  "mae_history": [
    0.8559861779212952,
    0.8242562413215637,
    0.8072714805603027,
    0.7995671629905701,
    0.7882049083709717,
    0.784066379070282,
    0.771662712097168,
    0.7631108164787292,
    0.7519981265068054,
    0.745962917804718,
    0.7437436580657959,
    0.7278938293457031,
    0.7200190424919128,
    0.701965868473053,
    0.7007943987846375,
    0.6863884925842285,
    0.6870155334472656,
    0.6771736741065979,
    0.6605314016342163,
    0.6543588042259216,
    0.6415011882781982,
    0.6290394067764282,
    0.629923403263092,
    0.6137949824333191,
    0.621438205242157,
    0.6007258296012878,
    0.6058099269866943,
    0.5899256467819214,
    0.582109808921814,
    0.577273964881897
  ],
  "spectral_calls": 0.0,
  "spectral_time_seconds": 0.0,
  "spectral_cpu_time_seconds": 0.0,
  "spectral_cuda_time_seconds": 0.0
}