{
  "loss_mean": 0.7041443412005901,
  "loss_last": 0.3699497878551483,
  "mae_mean": 0.6580927832424641,
  "runtime_seconds": 10.81482041592244,
  "status": "ok",
  "num_steps": 200,
  "epochs": 1,
  "steps_per_second": 18.493141107137024,
  "images_per_second": 591.7805154283848,
  "runtime_per_epoch": 10.81482041592244,
  "loss_initial": 1.0125818252563477,
  "loss_final": 0.3699497878551483,
  "loss_drop": 0.6426320374011993,
  "loss_drop_per_second": 0.059421424738136684,
  "loss_threshold": null,
  "loss_threshold_steps": null,
  "loss_threshold_time": null,
  "loss_history": [
    1.0125818252563477,
    1.0028363466262817,
    1.0136972665786743,
    0.9976142048835754,
    0.9911325573921204,
    0.9925370812416077,
    0.9904240965843201,
    0.9850702285766602,
    0.9778172969818115,
    0.9765633940696716,
    0.9881017208099365,
    0.9831517338752747,
    0.9763644337654114,
    0.965891420841217,
    0.9786857962608337,
    0.9785054326057434,
    0.9654533863067627,
    0.9628446698188782,
    0.9654104113578796,
    0.9692668318748474,
    0.9631995558738708,
    0.9589409828186035,
    0.9474911093711853,
    0.9475120902061462,
    0.953834056854248,
    0.9521859288215637,
    0.9418737292289734,
    0.9450750350952148,
    0.9370097517967224,
    0.9417018890380859,
    0.9530563354492188,
    0.9243124127388,
    0.9397931694984436,
    0.9320957064628601,
    0.9264599680900574,
    0.9087545275688171,
    0.9191088676452637,
    0.9148922562599182,
    0.933305025100708,
    0.9232003688812256,
    0.9159865379333496,
    0.9018330574035645,
    0.8983333706855774,
    0.8921613693237305,
    0.8887750506401062,
    0.8931939601898193,
    0.8744290471076965,
    0.9032441973686218,
    0.8763049244880676,
    0.8769366145133972,
    0.8946639895439148,
    0.8650117516517639,
    0.8539509177207947,
    0.873889148235321,
    0.8633203506469727,
    0.889496386051178,
    0.8530113101005554,
    0.8428851962089539,
    0.8557281494140625,
    0.8445097804069519,
    0.8624639511108398,
    0.8300535082817078,
    0.8326766490936279,
    0.8380239605903625,
    0.8582243919372559,
    0.8219618201255798,
    0.846524178981781,
    0.8095161318778992,
    0.8028993606567383,
    0.8217549920082092,
    0.8269846439361572,
    0.8154824376106262,
    0.8151529431343079,
    0.8082742094993591,
    0.8137082457542419,
    0.8020777702331543,
    0.7986140847206116,
    0.7775904536247253,
    0.7949442863464355,
    0.7946915626525879,
    0.7919020652770996,
    0.7675684094429016,
    0.7399211525917053,
    0.7583162784576416,
    0.7704867720603943,
    0.7580201029777527,
    0.7413269877433777,
    0.7356942296028137,
    0.7290375828742981,
    0.7332491874694824,
    0.7369963526725769,
    0.7398991584777832,
    0.7394855618476868,
    0.7006869316101074,
    0.7116996645927429,
    0.7545008659362793,
    0.7736703753471375,
    0.7218912243843079,
    0.7201790809631348,
    0.6892163753509521,
    0.7220924496650696,
    0.6717734336853027,
    0.6736463904380798,
    0.6933605074882507,
    0.6730985045433044,
    0.6886930465698242,
    0.7080324292182922,
    0.6916750073432922,
    0.672886848449707,
    0.6727123260498047,
    0.691932201385498,
    0.6788187623023987,
    0.6852518916130066,
    0.6223698258399963,
    0.6441202163696289,
    0.6266180872917175,
    0.6438845992088318,
    0.6216261982917786,
    0.673721969127655,
    0.622197151184082,
    0.6253604292869568,
    0.6298213601112366,
    0.6003507375717163,
    0.5794716477394104,
    0.6413408517837524,
    0.5880391001701355,
    0.6270283460617065,
    0.5954318046569824,
    0.6065345406532288,
    0.6980693936347961,
    0.5898151993751526,
    0.6234755516052246,
    0.6271354556083679,
    0.5857273936271667,
    0.543663501739502,
    0.5876177549362183,
    0.6147859692573547,
    0.574367344379425,
    0.5619591474533081,
    0.5618253946304321,
    0.5572414398193359,
    0.5534717440605164,
    0.5744765400886536,
    0.6434516310691833,
    0.5421779751777649,
    0.5535349249839783,
    0.5074796676635742,
    0.559821605682373,
    0.5336987376213074,
    0.47669610381126404,
    0.5596020221710205,
    0.5431599617004395,
    0.49370160698890686,
    0.49204638600349426,
    0.6172172427177429,
    0.5222122073173523,
    0.5170423984527588,
    0.5282928347587585,
    0.519845724105835,
    0.5293723344802856,
    0.48759594559669495,
    0.48108717799186707,
    0.5069947242736816,
    0.46241506934165955,
    0.48824307322502136,
    0.40055832266807556,
    0.5003588795661926,
    0.45642033219337463,
    0.41097450256347656,
    0.4296816885471344,
    0.48328348994255066,
    0.5145271420478821,
    0.415339857339859,
    0.4759613275527954,
    0.47276341915130615,
    0.39387595653533936,
    0.4057416021823883,
    0.4399378299713135,
    0.4700031280517578,
    0.39555537700653076,
    0.48477157950401306,
    0.39858564734458923,
    0.3820493221282959,
    0.3694133460521698,
    0.45237603783607483,
    0.49541500210762024,
    0.4636089503765106,
    0.40524664521217346,
    0.41534557938575745,
    0.407631516456604,
    0.42418980598449707,
    0.4325779974460602,
    0.36621156334877014,
    0.44176220893859863,
    0.40807414054870605,
    0.3857206404209137,
    0.4688364565372467,
    0.34420570731163025,
    0.37591564655303955,
    0.3699497878551483
  ],