{
  "loss_mean": 0.9462819504737854,
  "loss_last": 0.893161952495575,
  "mae_mean": 0.7758207452297211,
  "runtime_seconds": 3.2722248749341816,
  "status": "ok",
  "num_steps": 50,
  "epochs": 1,
  "steps_per_second": 15.280123436200489,
  "images_per_second": 488.96394995841564,
  "runtime_per_epoch": 3.2722248749341816,
  "loss_initial": 0.9999403357505798,
  "loss_final": 0.893161952495575,
  "loss_drop": 0.10677838325500488,
  "loss_drop_per_second": 0.032631737529087955,
  "loss_threshold": null,
  "loss_threshold_steps": null,
  "loss_threshold_time": null,
  "loss_history": [
    0.9999403357505798,
    0.991093635559082,
    0.9990881085395813,
    1.0009692907333374,
    0.9934480786323547,
    0.9850171208381653,
    0.9839987754821777,
    0.982597827911377,
    0.9832959175109863,
    0.9836333394050598,
    0.9759432673454285,
    0.9749146103858948,
    0.9802539348602295,
    0.9794905781745911,
    0.9786019325256348,
    0.9709234237670898,
    0.964078426361084,
    0.9658603072166443,
    0.9437221884727478,
    0.9607043266296387,
    0.9636260867118835,
    0.9634747505187988,
    0.9549860954284668,
    0.95703125,
    0.9487517476081848,
    0.9466188549995422,
    0.9344806671142578,
    0.9347488284111023,
    0.9354545474052429,
    0.9396756291389465,
    0.9336721897125244,
    0.9417493343353271,
    0.9373686909675598,
    0.9277699589729309,
    0.9226455092430115,
    0.9225453734397888,
    0.9098312854766846,
    0.9088670611381531,
    0.919795572757721,
    0.911226749420166,
    0.9098193049430847,
    0.9071357846260071,
    0.9044456481933594,
    0.9239377379417419,
    0.8995277285575867,
    0.8848921656608582,
    0.8943397998809814,
    0.8975011706352234,
    0.8874406218528748,
    0.893161952495575
  ],
  "mae_history": [
    0.7976894974708557,
    0.7943522334098816,
    0.7980119585990906,
    0.7984209656715393,
    0.7962772846221924,
    0.7915213704109192,
    0.7910749316215515,
    0.7905423045158386,
    0.7907729744911194,
    0.7917299270629883,
    0.7884854674339294,
    0.7883014678955078,
    0.7900760769844055,
    0.7899482846260071,
    0.7891892790794373,
    0.7861813902854919,
    0.7837119102478027,
    0.7839022278785706,
    0.7755074501037598,
    0.781796932220459,
    0.7838528156280518,
    0.7826137542724609,
    0.7788010239601135,
    0.7800025343894958,
    0.7773258686065674,
    0.7763690948486328,
    0.7702652812004089,
    0.7716997265815735,
    0.7706515192985535,
    0.7728896141052246,
    0.7705504894256592,
    0.7735574841499329,
    0.7726449370384216,
    0.7678785920143127,
    0.7651875615119934,
    0.7658941745758057,
    0.7609434723854065,
    0.7597498893737793,
    0.7652583122253418,
    0.7613967061042786,
    0.7603729367256165,
    0.7595176696777344,
    0.7586360573768616,
    0.7666327357292175,
    0.7562544941902161,
    0.7514190673828125,
    0.7531334757804871,
    0.754863977432251,
    0.7514609694480896,
    0.7537190914154053
  ]
}