{
  "loss_mean": 0.7564945469299952,
  "loss_last": 0.4957905113697052,
  "mae_mean": 0.6867690145969391,
  "runtime_seconds": 20.77307070803363,
  "status": "ok",
  "num_steps": 30,
  "epochs": 3,
  "steps_per_second": 1.444177436338192,
  "images_per_second": 92.42735592564429,
  "runtime_per_epoch": 6.924356902677876,
  "loss_initial": 1.1049853563308716,
  "loss_final": 0.4957905113697052,
  "loss_drop": 0.6091948449611664,
  "loss_drop_per_second": 0.029326181647548657,
  "loss_threshold": null,
  "loss_threshold_steps": null,
  "loss_threshold_time": null,
  "loss_history": [
    1.1049853563308716,
    1.0518561601638794,
    1.0165612697601318,
    0.9851786494255066,
    0.9644612669944763,
    0.9575679898262024,
    0.9167876243591309,
    0.8975200653076172,
    0.8793155550956726,
    0.866218626499176,
    0.837078869342804,
    0.8162735104560852,
    0.7922318577766418,
    0.7562931180000305,
    0.7389913201332092,
    0.7451278567314148,
    0.7102610468864441,
    0.6958890557289124,
    0.667944610118866,
    0.6356868743896484,
    0.6371071338653564,
    0.6193187832832336,
    0.6169866919517517,
    0.5948964357376099,
    0.5784661173820496,
    0.5468544363975525,
    0.5471681952476501,
    0.5249736905097961,
    0.4970437288284302,
    0.4957905113697052
  ],
  "mae_history": [
    0.838476836681366,
    0.818623960018158,
    0.8043552041053772,
    0.7912057042121887,
    0.7828815579414368,
    0.7806174159049988,
    0.7634455561637878,
    0.7553583979606628,
    0.7465818524360657,
    0.7413861751556396,
    0.7286758422851562,
    0.7196434140205383,
    0.7086303234100342,
    0.6931484341621399,
    0.6845712065696716,
    0.6862406730651855,
    0.6693878173828125,
    0.6624245047569275,
    0.6497871279716492,
    0.6331906914710999,
    0.6326690316200256,
    0.6229060292243958,
    0.6225035786628723,
    0.6102707982063293,
    0.601233720779419,
    0.5852987170219421,
    0.5839102268218994,
    0.5728627443313599,
    0.5572459697723389,
    0.5555369257926941
  ],
  "spectral_calls": 0.0,
  "spectral_time_seconds": 0.0,
  "spectral_cpu_time_seconds": 0.0,
  "spectral_cuda_time_seconds": 0.0
}