{
  "loss_mean": 1.8345504999160767,
  "loss_last": 1.6833618879318237,
  "mae_mean": 1.0383575359980266,
  "runtime_seconds": 3.0583224169677123,
  "status": "ok",
  "num_steps": 3,
  "epochs": 1,
  "steps_per_second": 0.980929931833172,
  "images_per_second": 31.389757818661504,
  "runtime_per_epoch": 3.0583224169677123,
  "loss_initial": 2.0073957443237305,
  "loss_final": 1.6833618879318237,
  "loss_drop": 0.32403385639190674,
  "loss_drop_per_second": 0.10595150288738431,
  "loss_threshold": null,
  "loss_threshold_steps": null,
  "loss_threshold_time": null,
  "loss_history": [
    2.0073957443237305,
    1.8128938674926758,
    1.6833618879318237
  ],
  "mae_history": [
    1.078827977180481,
    1.0360275506973267,
    1.000217080116272
  ]
}