{
  "loss_mean": 1.1459538054466247,
  "loss_last": 0.5844905972480774,
  "mae_mean": 0.7899092388153076,
  "runtime_seconds": 43.51932829094585,
  "status": "ok",
  "num_steps": 50,
  "epochs": 1,
  "steps_per_second": 1.1489147917386962,
  "images_per_second": 36.76527333563828,
  "runtime_per_epoch": 43.51932829094585,
  "loss_initial": 3.151937484741211,
  "loss_final": 0.5844905972480774,
  "loss_drop": 2.5674468874931335,
  "loss_drop_per_second": 0.058995554120886744,
  "loss_threshold": null,
  "loss_threshold_steps": null,
  "loss_threshold_time": null,
  "loss_history": [
    3.151937484741211,
    2.9488067626953125,
    2.7837321758270264,
    2.5319747924804688,
    2.2560694217681885,
    2.1476805210113525,
    1.9976774454116821,
    1.8961538076400757,
    1.7391754388809204,
    1.5518392324447632,
    1.4620380401611328,
    1.4183725118637085,
    1.3707709312438965,
    1.2497400045394897,
    1.2520067691802979,
    1.2098329067230225,
    1.0967216491699219,
    1.074414610862732,
    1.0363303422927856,
    1.0107171535491943,
    1.0335125923156738,
    0.8446117043495178,
    0.8457607626914978,
    0.8893441557884216,
    0.9296424388885498,
    0.8565588593482971,
    0.8286044001579285,
    0.8379327654838562,
    0.7906873226165771,
    0.7563226222991943,
    0.7285871505737305,
    0.7409588694572449,
    0.7665302157402039,
    0.6678622364997864,
    0.7151131629943848,
    0.7042689323425293,
    0.7686381340026855,
    0.7814793586730957,
    0.6166701316833496,
    0.6485624313354492,
    0.6561082005500793,
    0.7137430310249329,
    0.6590024828910828,
    0.6674314141273499,
    0.6479032039642334,
    0.5872613787651062,
    0.621809720993042,
    0.5812157988548279,
    0.6410841941833496,
    0.5844905972480774
  ],
  "mae_history": [
    1.3232923746109009,
    1.2825921773910522,
    1.2321425676345825,
    1.181365966796875,
    1.1231427192687988,
    1.0891703367233276,
    1.0526225566864014,
    1.0358514785766602,
    0.9930734634399414,
    0.9377331733703613,
    0.9056947231292725,
    0.9065490365028381,
    0.8875954747200012,
    0.847438633441925,
    0.856182873249054,
    0.8351342082023621,
    0.7982690930366516,
    0.7938241958618164,
    0.7802696824073792,
    0.7695873379707336,
    0.7794951796531677,
    0.7087573409080505,
    0.7056155800819397,
    0.7224472165107727,
    0.744370698928833,
    0.7155858874320984,
    0.6992108821868896,
    0.7095813751220703,
    0.6862630844116211,
    0.6748917698860168,
    0.6616888642311096,
    0.6660777926445007,
    0.6799278259277344,
    0.6333983540534973,
    0.654937207698822,
    0.6507181525230408,
    0.6805238723754883,
    0.6835625767707825,
    0.6053948998451233,
    0.6264262795448303,
    0.6283566355705261,
    0.6527959704399109,
    0.630669355392456,
    0.6316519975662231,
    0.6230296492576599,
    0.5922636389732361,
    0.6124585270881653,
    0.5908095240592957,
    0.6212758421897888,
    0.5917438864707947
  ]
}