{
  "loss_mean": 0.794921201467514,
  "loss_last": 0.5271021723747253,
  "mae_mean": 0.7056830763816834,
  "runtime_seconds": 20.805798541987315,
  "status": "ok",
  "num_steps": 30,
  "epochs": 3,
  "steps_per_second": 1.441905723515406,
  "images_per_second": 92.28196630498599,
  "runtime_per_epoch": 6.935266180662438,
  "loss_initial": 1.1302624940872192,
  "loss_final": 0.5271021723747253,
  "loss_drop": 0.6031603217124939,
  "loss_drop_per_second": 0.02899001066915462,
  "loss_threshold": null,
  "loss_threshold_steps": null,
  "loss_threshold_time": null,
  "loss_history": [
    1.1302624940872192,
    1.04567551612854,
    1.02005136013031,
    0.9942417740821838,
    0.9772976040840149,
    0.9633054733276367,
    0.9548079371452332,
    0.9208837151527405,
    0.9155760407447815,
    0.9015238285064697,
    0.8921883702278137,
    0.8605820536613464,
    0.8543972969055176,
    0.8359231948852539,
    0.8007495403289795,
    0.792590320110321,
    0.7690353393554688,
    0.7487490773200989,
    0.7201678156852722,
    0.7112336754798889,
    0.68389892578125,
    0.6616738438606262,
    0.631831169128418,
    0.6106954216957092,
    0.6207168102264404,
    0.5950106978416443,
    0.577538251876831,
    0.5595955848693848,
    0.5703307390213013,
    0.5271021723747253
  ],
  "mae_history": [
    0.8477611541748047,
    0.8161216378211975,
    0.8056635856628418,
    0.7948641180992126,
    0.7893988490104675,
    0.7834656834602356,
    0.7789011597633362,
    0.765289306640625,
    0.7637345194816589,
    0.757138192653656,
    0.7529549598693848,
    0.7397783398628235,
    0.7369741797447205,
    0.7292101979255676,
    0.7128140330314636,
    0.7086651921272278,
    0.6983168721199036,
    0.6887360215187073,
    0.6743721961975098,
    0.6696982383728027,
    0.6573765277862549,
    0.6457270979881287,
    0.6314024329185486,
    0.6205731630325317,
    0.6248140335083008,
    0.6116763949394226,
    0.601502537727356,
    0.5926578640937805,
    0.5965469479560852,
    0.5743568539619446
  ],
  "spectral_calls": 0.0,
  "spectral_time_seconds": 0.0,
  "spectral_cpu_time_seconds": 0.0,
  "spectral_cuda_time_seconds": 0.0
}