{
  "loss_mean": 0.764322551091512,
  "loss_last": 0.5333951711654663,
  "mae_mean": 0.6912850856781005,
  "runtime_seconds": 20.811614790931344,
  "status": "ok",
  "num_steps": 30,
  "epochs": 3,
  "steps_per_second": 1.441502752255077,
  "images_per_second": 92.25617614432493,
  "runtime_per_epoch": 6.937204930310448,
  "loss_initial": 1.1094393730163574,
  "loss_final": 0.5333951711654663,
  "loss_drop": 0.5760442018508911,
  "loss_drop_per_second": 0.027678976746287953,
  "loss_threshold": null,
  "loss_threshold_steps": null,
  "loss_threshold_time": null,
  "loss_history": [
    1.1094393730163574,
    1.050275206565857,
    1.012664794921875,
    0.9748114943504333,
    0.9595010876655579,
    0.9451829791069031,
    0.9243748784065247,
    0.8967651724815369,
    0.8691039085388184,
    0.8591482639312744,
    0.832802951335907,
    0.8202800154685974,
    0.8025133609771729,
    0.7906659245491028,
    0.7489810585975647,
    0.7339194416999817,
    0.7133651375770569,
    0.70753413438797,
    0.6879785656929016,
    0.6486486792564392,
    0.6521774530410767,
    0.6270100474357605,
    0.6162132620811462,
    0.599094569683075,
    0.5889129638671875,
    0.5691158175468445,
    0.5643388032913208,
    0.5512807965278625,
    0.5401812195777893,
    0.5333951711654663
  ],
  "mae_history": [
    0.8408706784248352,
    0.8179759979248047,
    0.8019534945487976,
    0.7879209518432617,
    0.7810875773429871,
    0.7754249572753906,
    0.7670281529426575,
    0.7543923258781433,
    0.7426002025604248,
    0.7390055656433105,
    0.7274389266967773,
    0.7209675908088684,
    0.7130969166755676,
    0.7087920308113098,
    0.6896491050720215,
    0.6818655133247375,
    0.6723111271858215,
    0.6688559651374817,
    0.6587874293327332,
    0.6402509808540344,
    0.6410488486289978,
    0.6284324526786804,
    0.6224944591522217,
    0.6122291088104248,
    0.6080034375190735,
    0.5978086590766907,
    0.5949110388755798,
    0.5865431427955627,
    0.580798864364624,
    0.576007068157196
  ],
  "spectral_calls": 0.0,
  "spectral_time_seconds": 0.0,
  "spectral_cpu_time_seconds": 0.0,
  "spectral_cuda_time_seconds": 0.0
}