{
  "loss_mean": 0.7288378109534581,
  "loss_last": 0.4869736135005951,
  "mae_mean": 0.6736094276110332,
  "runtime_seconds": 20.848797540995292,
  "status": "ok",
  "num_steps": 30,
  "epochs": 3,
  "steps_per_second": 1.438931906792733,
  "images_per_second": 92.09164203473492,
  "runtime_per_epoch": 6.949599180331764,
  "loss_initial": 1.0673848390579224,
  "loss_final": 0.4869736135005951,
  "loss_drop": 0.5804112255573273,
  "loss_drop_per_second": 0.027839074383837068,
  "loss_threshold": null,
  "loss_threshold_steps": null,
  "loss_threshold_time": null,
  "loss_history": [
    1.0673848390579224,
    1.0120267868041992,
    0.9809038639068604,
    0.9549674987792969,
    0.9315564036369324,
    0.9158676266670227,
    0.8979315161705017,
    0.875481367111206,
    0.8496625423431396,
    0.8386743664741516,
    0.8255797028541565,
    0.7761878967285156,
    0.7661535739898682,
    0.7210090160369873,
    0.7209753394126892,
    0.6864121556282043,
    0.6935346722602844,
    0.6732428073883057,
    0.6169941425323486,
    0.6129328608512878,
    0.6084471940994263,
    0.5914645791053772,
    0.5768770575523376,
    0.5645644068717957,
    0.5885622501373291,
    0.5275589823722839,
    0.5129724144935608,
    0.5231289863586426,
    0.4671058654785156,
    0.4869736135005951
  ],
  "mae_history": [
    0.8244888186454773,
    0.8025707602500916,
    0.7900030016899109,
    0.7797465324401855,
    0.7702627182006836,
    0.764423668384552,
    0.7564313411712646,
    0.7449231147766113,
    0.7353118062019348,
    0.7296378016471863,
    0.7242885231971741,
    0.7014470100402832,
    0.6971575617790222,
    0.6756955981254578,
    0.6747239232063293,
    0.6584094166755676,
    0.6617493033409119,
    0.6509219408035278,
    0.6244809627532959,
    0.6212171316146851,
    0.618192732334137,
    0.6088002324104309,
    0.599747359752655,
    0.5939591526985168,
    0.6038338541984558,
    0.573819100856781,
    0.5653223395347595,
    0.5690118074417114,
    0.5387662649154663,
    0.548939049243927
  ],
  "spectral_calls": 0.0,
  "spectral_time_seconds": 0.0,
  "spectral_cpu_time_seconds": 0.0,
  "spectral_cuda_time_seconds": 0.0
}