{
  "loss_mean": 1.0818178256352742,
  "loss_last": 1.051576018333435,
  "mae_mean": 0.8290262818336487,
  "runtime_seconds": 0.530815290985629,
  "status": "ok",
  "num_steps": 3,
  "epochs": 1,
  "steps_per_second": 5.651683459286821,
  "images_per_second": 180.85387069717828,
  "runtime_per_epoch": 0.530815290985629,
  "loss_initial": 1.118838906288147,
  "loss_final": 1.051576018333435,
  "loss_drop": 0.06726288795471191,
  "loss_drop_per_second": 0.12671618375916935,
  "loss_threshold": null,
  "loss_threshold_steps": null,
  "loss_threshold_time": null,
  "loss_history": [
    1.118838906288147,
    1.0750385522842407,
    1.051576018333435
  ],
  "mae_history": [
    0.8431658148765564,
    0.827042818069458,
    0.8168702125549316
  ],
  "spectral_calls": 0.0,
  "spectral_time_seconds": 0.0,
  "spectral_cpu_time_seconds": 0.0,
  "spectral_cuda_time_seconds": 0.0
}