{
  "loss_mean": 0.7665129840373993,
  "loss_last": 0.5058452486991882,
  "mae_mean": 0.6919181406497955,
  "runtime_seconds": 20.78461129090283,
  "status": "ok",
  "num_steps": 30,
  "epochs": 3,
  "steps_per_second": 1.443375561857663,
  "images_per_second": 92.37603595889043,
  "runtime_per_epoch": 6.928203763634277,
  "loss_initial": 1.1120882034301758,
  "loss_final": 0.5058452486991882,
  "loss_drop": 0.6062429547309875,
  "loss_drop_per_second": 0.02916787551356963,
  "loss_threshold": null,
  "loss_threshold_steps": null,
  "loss_threshold_time": null,
  "loss_history": [
    1.1120882034301758,
    1.0379300117492676,
    1.0065799951553345,
    0.985156238079071,
    0.9642453193664551,
    0.9471101760864258,
    0.9397427439689636,
    0.9210384488105774,
    0.8876671195030212,
    0.8863284587860107,
    0.8410922884941101,
    0.8508851528167725,
    0.8103341460227966,
    0.7979461550712585,
    0.7723906636238098,
    0.7436476349830627,
    0.7209618091583252,
    0.7128059267997742,
    0.667529821395874,
    0.6740475296974182,
    0.6399932503700256,
    0.6336963176727295,
    0.5927878022193909,
    0.6054177284240723,
    0.5772011876106262,
    0.5441854000091553,
    0.5463457703590393,
    0.5529297590255737,
    0.5174592137336731,
    0.5058452486991882
  ],
  "mae_history": [
    0.8405229449272156,
    0.8126738667488098,
    0.7993571758270264,
    0.7915403842926025,
    0.7832598686218262,
    0.775740921497345,
    0.7723190188407898,
    0.765123188495636,
    0.7515981793403625,
    0.7506272196769714,
    0.7312334179878235,
    0.7348839640617371,
    0.7180843353271484,
    0.711073637008667,
    0.6993383765220642,
    0.6869350075721741,
    0.6759198307991028,
    0.6716004014015198,
    0.6501558423042297,
    0.6517881751060486,
    0.6353486180305481,
    0.6311364769935608,
    0.6117412447929382,
    0.6162991523742676,
    0.6015778183937073,
    0.5855852365493774,
    0.5849077701568604,
    0.5874823927879333,
    0.5686192512512207,
    0.5610705018043518
  ],
  "spectral_calls": 0.0,
  "spectral_time_seconds": 0.0,
  "spectral_cpu_time_seconds": 0.0,
  "spectral_cuda_time_seconds": 0.0
}