{
  "loss_mean": 2.42951340675354,
  "loss_last": 2.263742446899414,
  "mae_mean": 1.1505431413650513,
  "runtime_seconds": 1.0625687919091433,
  "status": "ok",
  "num_steps": 5,
  "epochs": 1,
  "steps_per_second": 4.70557768877851,
  "images_per_second": 75.28924302045615,
  "runtime_per_epoch": 1.0625687919091433,
  "loss_initial": 2.606637716293335,
  "loss_final": 2.263742446899414,
  "loss_drop": 0.3428952693939209,
  "loss_drop_per_second": 0.32270406584954614,
  "loss_threshold": null,
  "loss_threshold_steps": null,
  "loss_threshold_time": null,
  "loss_history": [
    2.606637716293335,
    2.5446736812591553,
    2.4062957763671875,
    2.3262174129486084,
    2.263742446899414
  ],
  "mae_history": [
    1.1865788698196411,
    1.1784476041793823,
    1.145572304725647,
    1.1306232213974,
    1.111493706703186
  ]
}