{
  "loss_mean": 0.7231244723002116,
  "loss_last": 0.46782127022743225,
  "mae_mean": 0.6710964222749074,
  "runtime_seconds": 24.909154291963205,
  "status": "ok",
  "num_steps": 30,
  "epochs": 3,
  "steps_per_second": 1.2043764974260618,
  "images_per_second": 77.08009583526795,
  "runtime_per_epoch": 8.303051430654401,
  "loss_initial": 1.0731486082077026,
  "loss_final": 0.46782127022743225,
  "loss_drop": 0.6053273379802704,
  "loss_drop_per_second": 0.024301400637097334,
  "loss_threshold": null,
  "loss_threshold_steps": null,
  "loss_threshold_time": null,
  "loss_history": [
    1.0731486082077026,
    1.0171529054641724,
    0.986967146396637,
    0.9571375250816345,
    0.9316431879997253,
    0.9110138416290283,
    0.8778182864189148,
    0.8697360157966614,
    0.8522891402244568,
    0.8215470314025879,
    0.794248104095459,
    0.7759674191474915,
    0.7806188464164734,
    0.7420222759246826,
    0.7191664576530457,
    0.6762107014656067,
    0.6798252463340759,
    0.6450070738792419,
    0.6292183995246887,
    0.6241483688354492,
    0.6010892987251282,
    0.5857011675834656,
    0.5827166438102722,
    0.5578330159187317,
    0.5253646969795227,
    0.5188102126121521,
    0.5028240084648132,
    0.49386462569236755,
    0.49282264709472656,
    0.46782127022743225
  ],
  "mae_history": [
    0.8259556293487549,
    0.8042060732841492,
    0.7924429774284363,
    0.7803539633750916,
    0.7700285315513611,
    0.7608534693717957,
    0.7469482421875,
    0.7429949641227722,
    0.7354772686958313,
    0.7226214408874512,
    0.7105404734611511,
    0.701213538646698,
    0.703019917011261,
    0.6850430369377136,
    0.6740750670433044,
    0.6536745429039001,
    0.654573380947113,
    0.6384375691413879,
    0.6303344368934631,
    0.626695990562439,
    0.614814281463623,
    0.6072735786437988,
    0.6040072441101074,
    0.5911431312561035,
    0.5745998024940491,
    0.5698967576026917,
    0.5613188743591309,
    0.5559622645378113,
    0.5545763969421387,
    0.5398098230361938
  ],
  "spectral_calls": 0.0,
  "spectral_time_seconds": 0.0,
  "spectral_cpu_time_seconds": 0.0,
  "spectral_cuda_time_seconds": 0.0
}