{
  "loss_mean": 1.8496364280581474,
  "loss_last": 1.3568462133407593,
  "mae_mean": 1.055697537958622,
  "runtime_seconds": 1.7571661249967292,
  "status": "ok",
  "num_steps": 16,
  "epochs": 2,
  "steps_per_second": 9.105570482147659,
  "images_per_second": 291.3782554287251,
  "runtime_per_epoch": 0.8785830624983646,
  "loss_initial": 2.678447961807251,
  "loss_final": 1.3568462133407593,
  "loss_drop": 1.3216017484664917,
  "loss_drop_per_second": 0.7521211168744513,
  "loss_threshold": null,
  "loss_threshold_steps": null,
  "loss_threshold_time": null,
  "loss_history": [
    2.678447961807251,
    2.4731740951538086,
    2.4007174968719482,
    2.203989267349243,
    2.082285165786743,
    1.9724907875061035,
    1.9116507768630981,
    1.7815685272216797,
    1.7501684427261353,
    1.6627273559570312,
    1.5535587072372437,
    1.5111433267593384,
    1.5031304359436035,
    1.4049361944198608,
    1.3473480939865112,
    1.3568462133407593
  ],
  "mae_history": [
    1.2594386339187622,
    1.21466064453125,
    1.1982640027999878,
    1.1529723405838013,
    1.1209659576416016,
    1.096868634223938,
    1.0736933946609497,
    1.0426608324050903,
    1.0351511240005493,
    1.01343834400177,
    0.9807814955711365,
    0.9704686999320984,
    0.9650734066963196,
    0.9320586323738098,
    0.9153749346733093,
    0.9192895293235779
  ]
}