{
  "loss_mean": 1.111868314743042,
  "loss_last": 1.008041262626648,
  "mae_mean": 0.83517817735672,
  "runtime_seconds": 115.88161658297759,
  "status": "ok",
  "num_steps": 50,
  "epochs": 1,
  "steps_per_second": 0.4314748229646698,
  "images_per_second": 13.807194334869434,
  "runtime_per_epoch": 115.88161658297759,
  "loss_initial": 2.2638261318206787,
  "loss_final": 1.008041262626648,
  "loss_drop": 1.2557848691940308,
  "loss_drop_per_second": 0.010836791082344109,
  "loss_threshold": null,
  "loss_threshold_steps": null,
  "loss_threshold_time": null,
  "loss_history": [
    2.2638261318206787,
    1.8661123514175415,
    1.544075846672058,
    1.3943084478378296,
    1.3042842149734497,
    1.2416220903396606,
    1.1989285945892334,
    1.1425682306289673,
    1.1395885944366455,
    1.1141823530197144,
    1.108607530593872,
    1.0878666639328003,
    1.0844860076904297,
    1.0838426351547241,
    1.0629701614379883,
    1.060736894607544,
    1.0552607774734497,
    1.0561927556991577,
    1.0614991188049316,
    1.0428547859191895,
    1.0431867837905884,
    1.0425819158554077,
    1.056402325630188,
    1.0391278266906738,
    1.0375159978866577,
    1.0352658033370972,
    1.0262998342514038,
    1.0273765325546265,
    1.0254300832748413,
    1.0369163751602173,
    1.0207074880599976,
    1.0139503479003906,
    1.0160465240478516,
    1.0204919576644897,
    1.0103858709335327,
    1.0187019109725952,
    1.014539361000061,
    1.0181450843811035,
    1.0238053798675537,
    1.023074746131897,
    1.0180392265319824,
    1.0060697793960571,
    1.0182361602783203,
    1.011555552482605,
    1.0102146863937378,
    1.0183526277542114,
    1.0147079229354858,
    1.0103307962417603,
    1.0141013860702515,
    1.008041262626648
  ],
  "mae_history": [
    1.1627660989761353,
    1.0592584609985352,
    0.9712589383125305,
    0.9307865500450134,
    0.9033406376838684,
    0.8805457949638367,
    0.8671646118164062,
    0.8504906296730042,
    0.8482421040534973,
    0.8394618630409241,
    0.8388578295707703,
    0.8305378556251526,
    0.8297495245933533,
    0.8278300166130066,
    0.8215517997741699,
    0.8208684921264648,
    0.8195952773094177,
    0.8198947906494141,
    0.8215144276618958,
    0.8142879605293274,
    0.8156619668006897,
    0.8135295510292053,
    0.8193869590759277,
    0.8131230473518372,
    0.8125316500663757,
    0.8113651275634766,
    0.8077594637870789,
    0.8079673647880554,
    0.8087408542633057,
    0.812929630279541,
    0.8061656951904297,
    0.8020577430725098,
    0.8044707775115967,
    0.805579662322998,
    0.8025584816932678,
    0.8053786754608154,
    0.8036978244781494,
    0.8043438792228699,
    0.8067498207092285,
    0.8070184588432312,
    0.8047859072685242,
    0.7992322444915771,
    0.8060674071311951,
    0.8027043342590332,
    0.8013435006141663,
    0.8043851852416992,
    0.8041580319404602,
    0.801737368106842,
    0.8037253022193909,
    0.8017492890357971
  ]
}