{
  "loss_mean": 0.7416415423154831,
  "loss_last": 0.48578324913978577,
  "mae_mean": 0.6800283133983612,
  "runtime_seconds": 20.681130583048798,
  "status": "ok",
  "num_steps": 30,
  "epochs": 3,
  "steps_per_second": 1.4505976778943301,
  "images_per_second": 92.83825138523713,
  "runtime_per_epoch": 6.893710194349599,
  "loss_initial": 1.1111410856246948,
  "loss_final": 0.48578324913978577,
  "loss_drop": 0.6253578364849091,
  "loss_drop_per_second": 0.030238087515267707,
  "loss_threshold": null,
  "loss_threshold_steps": null,
  "loss_threshold_time": null,
  "loss_history": [
    1.1111410856246948,
    1.0579502582550049,
    1.0202215909957886,
    0.9815770983695984,
    0.9623544812202454,
    0.9287581443786621,
    0.9051619172096252,
    0.890589714050293,
    0.8646316528320312,
    0.8431134223937988,
    0.822500467300415,
    0.7934410572052002,
    0.7642260193824768,
    0.7408656477928162,
    0.7336474061012268,
    0.703772246837616,
    0.6727383732795715,
    0.6714183688163757,
    0.650916576385498,
    0.6208446621894836,
    0.6141437888145447,
    0.5974424481391907,
    0.5746622085571289,
    0.5689603686332703,
    0.5499316453933716,
    0.5444441437721252,
    0.5299955010414124,
    0.5259900093078613,
    0.5180227160453796,
    0.48578324913978577
  ],
  "mae_history": [
    0.8402149081230164,
    0.8200883269309998,
    0.8058640360832214,
    0.7906832695007324,
    0.7818775773048401,
    0.767478883266449,
    0.7593137621879578,
    0.7522506713867188,
    0.7419695854187012,
    0.7318567633628845,
    0.7229334712028503,
    0.709381103515625,
    0.6970291137695312,
    0.6860950589179993,
    0.6819875836372375,
    0.6680159568786621,
    0.6522336006164551,
    0.6506608128547668,
    0.640367865562439,
    0.6255825161933899,
    0.6225189566612244,
    0.6136775016784668,
    0.6020564436912537,
    0.5987642407417297,
    0.5880690813064575,
    0.5830239653587341,
    0.5754534602165222,
    0.5734336972236633,
    0.5682704448699951,
    0.5496967434883118
  ],
  "spectral_calls": 0.0,
  "spectral_time_seconds": 0.0,
  "spectral_cpu_time_seconds": 0.0,
  "spectral_cuda_time_seconds": 0.0
}