{
  "loss_mean": 0.7114851315816243,
  "loss_last": 0.4698353707790375,
  "mae_mean": 0.6643670717875163,
  "runtime_seconds": 20.857512208051048,
  "status": "ok",
  "num_steps": 30,
  "epochs": 3,
  "steps_per_second": 1.4383306935531808,
  "images_per_second": 92.05316438740357,
  "runtime_per_epoch": 6.95250406935035,
  "loss_initial": 1.1026744842529297,
  "loss_final": 0.4698353707790375,
  "loss_drop": 0.6328391134738922,
  "loss_drop_per_second": 0.030341064033016115,
  "loss_threshold": null,
  "loss_threshold_steps": null,
  "loss_threshold_time": null,
  "loss_history": [
    1.1026744842529297,
    1.0478266477584839,
    1.0022642612457275,
    0.9692547917366028,
    0.9439573287963867,
    0.9162619113922119,
    0.9050149917602539,
    0.8540584444999695,
    0.8382530212402344,
    0.8016934394836426,
    0.7830516695976257,
    0.7567740082740784,
    0.7339947819709778,
    0.7075545191764832,
    0.686744749546051,
    0.6700281500816345,
    0.6298827528953552,
    0.6206246614456177,
    0.6065260767936707,
    0.6006188988685608,
    0.5720093846321106,
    0.5747974514961243,
    0.5410586595535278,
    0.5306177139282227,
    0.4997480809688568,
    0.5125295519828796,
    0.4892975389957428,
    0.5131036639213562,
    0.4644969403743744,
    0.4698353707790375
  ],
  "mae_history": [
    0.8381349444389343,
    0.8162733912467957,
    0.798115074634552,
    0.786194384098053,
    0.775397777557373,
    0.7638194561004639,
    0.7586779594421387,
    0.7372681498527527,
    0.7294846177101135,
    0.7133713364601135,
    0.704067051410675,
    0.6922650337219238,
    0.6820723414421082,
    0.6688471436500549,
    0.6587592959403992,
    0.6503467559814453,
    0.6303394436836243,
    0.6248842477798462,
    0.617559552192688,
    0.613487184047699,
    0.5981416702270508,
    0.599621593952179,
    0.5823548436164856,
    0.5756800174713135,
    0.5596265196800232,
    0.5648090243339539,
    0.5523358583450317,
    0.5633745789527893,
    0.536726176738739,
    0.5389767289161682
  ],
  "spectral_calls": 0.0,
  "spectral_time_seconds": 0.0,
  "spectral_cpu_time_seconds": 0.0,
  "spectral_cuda_time_seconds": 0.0
}