{
  "loss_mean": 0.7502780755360922,
  "loss_last": 0.4928743839263916,
  "mae_mean": 0.6843078295389812,
  "runtime_seconds": 21.022973165963776,
  "status": "ok",
  "num_steps": 30,
  "epochs": 3,
  "steps_per_second": 1.427010335939069,
  "images_per_second": 91.32866150010041,
  "runtime_per_epoch": 7.0076577219879255,
  "loss_initial": 1.1028721332550049,
  "loss_final": 0.4928743839263916,
  "loss_drop": 0.6099977493286133,
  "loss_drop_per_second": 0.029015769773050013,
  "loss_threshold": null,
  "loss_threshold_steps": null,
  "loss_threshold_time": null,
  "loss_history": [
    1.1028721332550049,
    1.033840298652649,
    1.0048860311508179,
    0.9692803025245667,
    0.9510782361030579,
    0.928427517414093,
    0.9113471508026123,
    0.8872804641723633,
    0.8701310753822327,
    0.8406960368156433,
    0.8149890303611755,
    0.7990162968635559,
    0.788383960723877,
    0.7561448216438293,
    0.732410728931427,
    0.7025148272514343,
    0.6983407139778137,
    0.6895583271980286,
    0.6637557148933411,
    0.6570199131965637,
    0.6494028568267822,
    0.6367018818855286,
    0.5870581269264221,
    0.5872092247009277,
    0.5783249735832214,
    0.5664984583854675,
    0.5469870567321777,
    0.5205426216125488,
    0.540769100189209,
    0.4928743839263916
  ],
  "mae_history": [
    0.8369772434234619,
    0.8103809356689453,
    0.7990220189094543,
    0.7855955958366394,
    0.7772247791290283,
    0.7692680358886719,
    0.7615842819213867,
    0.7511652112007141,
    0.7439872622489929,
    0.7300491333007812,
    0.7199056148529053,
    0.7116856575012207,
    0.707232654094696,
    0.6928115487098694,
    0.680708646774292,
    0.6661167144775391,
    0.6641401648521423,
    0.6599395871162415,
    0.6464677453041077,
    0.6435787677764893,
    0.6387668251991272,
    0.6325321793556213,
    0.6076317429542542,
    0.6072726845741272,
    0.6014807224273682,
    0.5947544574737549,
    0.5850865840911865,
    0.5698163509368896,
    0.5798108577728271,
    0.554240882396698
  ],
  "spectral_calls": 0.0,
  "spectral_time_seconds": 0.0,
  "spectral_cpu_time_seconds": 0.0,
  "spectral_cuda_time_seconds": 0.0
}