{
  "loss_mean": 0.7440054217974345,
  "loss_last": 0.4963874816894531,
  "mae_mean": 0.6808932522932688,
  "runtime_seconds": 21.48410237499047,
  "status": "ok",
  "num_steps": 30,
  "epochs": 3,
  "steps_per_second": 1.3963813556819968,
  "images_per_second": 89.3684067636478,
  "runtime_per_epoch": 7.161367458330157,
  "loss_initial": 1.0904637575149536,
  "loss_final": 0.4963874816894531,
  "loss_drop": 0.5940762758255005,
  "loss_drop_per_second": 0.02765190118052414,
  "loss_threshold": null,
  "loss_threshold_steps": null,
  "loss_threshold_time": null,
  "loss_history": [
    1.0904637575149536,
    1.0264928340911865,
    0.9942516684532166,
    0.9743738770484924,
    0.9370999336242676,
    0.9182471632957458,
    0.9013218879699707,
    0.8716931939125061,
    0.8587538599967957,
    0.8377479910850525,
    0.8186452984809875,
    0.8009607195854187,
    0.7857310175895691,
    0.7520754933357239,
    0.7540752291679382,
    0.7240219116210938,
    0.6981610655784607,
    0.6800042986869812,
    0.6431388258934021,
    0.6340680718421936,
    0.6270696520805359,
    0.6189295649528503,
    0.5912578105926514,
    0.5746037364006042,
    0.5654662251472473,
    0.5582320690155029,
    0.5443349480628967,
    0.5310009121894836,
    0.5115521550178528,
    0.4963874816894531
  ],
  "mae_history": [
    0.8319713473320007,
    0.8073264956474304,
    0.7950311303138733,
    0.7873218655586243,
    0.7715921998023987,
    0.763643741607666,
    0.7572507858276367,
    0.7435517311096191,
    0.7387322783470154,
    0.729773223400116,
    0.7196761965751648,
    0.7125129699707031,
    0.7049172520637512,
    0.6897425651550293,
    0.6910646557807922,
    0.6755025386810303,
    0.6627005934715271,
    0.6544824242591858,
    0.6371617317199707,
    0.631562352180481,
    0.6279309391975403,
    0.6227886080741882,
    0.6084981560707092,
    0.5999932885169983,
    0.5949649810791016,
    0.5904749631881714,
    0.581935465335846,
    0.5747469067573547,
    0.5643265247344971,
    0.5556196570396423
  ],
  "spectral_calls": 0.0,
  "spectral_time_seconds": 0.0,
  "spectral_cpu_time_seconds": 0.0,
  "spectral_cuda_time_seconds": 0.0
}