{
  "loss_mean": 0.7554076254367829,
  "loss_last": 0.5075017809867859,
  "mae_mean": 0.6865049103895823,
  "runtime_seconds": 20.72943591605872,
  "status": "ok",
  "num_steps": 30,
  "epochs": 3,
  "steps_per_second": 1.4472173831203743,
  "images_per_second": 92.62191251970395,
  "runtime_per_epoch": 6.909811972019573,
  "loss_initial": 1.1233986616134644,
  "loss_final": 0.5075017809867859,
  "loss_drop": 0.6158968806266785,
  "loss_drop_per_second": 0.029711222395084773,
  "loss_threshold": null,
  "loss_threshold_steps": null,
  "loss_threshold_time": null,
  "loss_history": [
    1.1233986616134644,
    1.0377452373504639,
    0.9982854723930359,
    0.9792366623878479,
    0.9501373767852783,
    0.9329400062561035,
    0.9143972396850586,
    0.8900516629219055,
    0.8834231495857239,
    0.8590274453163147,
    0.8329699039459229,
    0.8103206753730774,
    0.786865234375,
    0.776240348815918,
    0.7435187697410583,
    0.752087414264679,
    0.7226908802986145,
    0.7054119110107422,
    0.6627799868583679,
    0.6506223082542419,
    0.6241926550865173,
    0.6178185343742371,
    0.6092092394828796,
    0.6012834906578064,
    0.5755329728126526,
    0.5518637299537659,
    0.5420284867286682,
    0.5195534229278564,
    0.5010941028594971,
    0.5075017809867859
  ],
  "mae_history": [
    0.8447763919830322,
    0.8129602074623108,
    0.7961617112159729,
    0.7898898124694824,
    0.7777432799339294,
    0.7702379822731018,
    0.7625401616096497,
    0.7515853047370911,
    0.7499203681945801,
    0.7390196919441223,
    0.7274230122566223,
    0.7171819806098938,
    0.7065175175666809,
    0.701744019985199,
    0.6860137581825256,
    0.6895834803581238,
    0.6755123138427734,
    0.6673557162284851,
    0.6479875445365906,
    0.6394917964935303,
    0.6278582215309143,
    0.622987687587738,
    0.6177371740341187,
    0.6136667132377625,
    0.6001237034797668,
    0.5877664685249329,
    0.5818194150924683,
    0.5691083669662476,
    0.5588662624359131,
    0.5615672469139099
  ],
  "spectral_calls": 0.0,
  "spectral_time_seconds": 0.0,
  "spectral_cpu_time_seconds": 0.0,
  "spectral_cuda_time_seconds": 0.0
}