{
  "loss_mean": 1.3694862031936645,
  "loss_last": 1.074273705482483,
  "mae_mean": 0.9021175456047058,
  "runtime_seconds": 58.8035720839398,
  "status": "ok",
  "num_steps": 50,
  "epochs": 1,
  "steps_per_second": 0.8502884812614268,
  "images_per_second": 27.209231400365656,
  "runtime_per_epoch": 58.8035720839398,
  "loss_initial": 2.8391008377075195,
  "loss_final": 1.074273705482483,
  "loss_drop": 1.7648271322250366,
  "loss_drop_per_second": 0.03001224363897171,
  "loss_threshold": null,
  "loss_threshold_steps": null,
  "loss_threshold_time": null,
  "loss_history": [
    2.8391008377075195,
    2.6148860454559326,
    2.393261194229126,
    2.3130486011505127,
    2.1042144298553467,
    2.022592782974243,
    1.8817028999328613,
    1.7811775207519531,
    1.7367435693740845,
    1.6177129745483398,
    1.603786587715149,
    1.4989423751831055,
    1.4367254972457886,
    1.395302176475525,
    1.3932448625564575,
    1.3123656511306763,
    1.293725609779358,
    1.2653285264968872,
    1.2443580627441406,
    1.2519932985305786,
    1.2120319604873657,
    1.1987805366516113,
    1.2061208486557007,
    1.186001181602478,
    1.1749544143676758,
    1.169942855834961,
    1.1360232830047607,
    1.1569774150848389,
    1.1411528587341309,
    1.1308305263519287,
    1.123682975769043,
    1.1070884466171265,
    1.1328200101852417,
    1.1177608966827393,
    1.0905606746673584,
    1.105954885482788,
    1.1013840436935425,
    1.0922932624816895,
    1.1053966283798218,
    1.07744300365448,
    1.0849677324295044,
    1.0745296478271484,
    1.0697232484817505,
    1.0765212774276733,
    1.0704509019851685,
    1.0700105428695679,
    1.0734213590621948,
    1.0550154447555542,
    1.057982087135315,
    1.074273705482483
  ],
  "mae_history": [
    1.2255240678787231,
    1.2038378715515137,
    1.1715563535690308,
    1.1449400186538696,
    1.101487398147583,
    1.0800307989120483,
    1.0484141111373901,
    1.0132098197937012,
    1.001684546470642,
    0.9834644794464111,
    0.9719203114509583,
    0.9512457847595215,
    0.9269090294837952,
    0.9161409735679626,
    0.9164965152740479,
    0.8929861187934875,
    0.8878275752067566,
    0.8760764002799988,
    0.8739619255065918,
    0.8761165738105774,
    0.8674289584159851,
    0.8594679832458496,
    0.865732729434967,
    0.8523395657539368,
    0.8526067733764648,
    0.851823627948761,
    0.8405361175537109,
    0.8482780456542969,
    0.8441529273986816,
    0.8413918614387512,
    0.8376453518867493,
    0.8322045207023621,
    0.8389689922332764,
    0.8368456959724426,
    0.8264060020446777,
    0.8309850692749023,
    0.8315469622612,
    0.8283265233039856,
    0.8295173645019531,
    0.8242835998535156,
    0.8255020976066589,
    0.8218770027160645,
    0.8196158409118652,
    0.8220885396003723,
    0.8176973462104797,
    0.8201574683189392,
    0.8210590481758118,
    0.8161475658416748,
    0.8158372044563293,
    0.8215758204460144
  ]
}